symbol,buy_date,sell_date,buy_price,sell_price,shares,gross_pnl,net_pnl,holding_days,is_profitable,sell_reason
601328.SH,2024-03-11,2024-03-18,5.4354,5.2647,1600,-273.12,-287.50,7,False,时间止损 (持有7天不盈利)
688266.SH,2024-04-12,2024-04-17,51.6516,47.7222,100,-392.94,-405.42,5,False,移动止盈 (回撤>5.0%)
300124.SZ,2024-04-19,2024-04-24,59.8798,58.2617,100,-161.81,-174.85,5,False,时间止损 (持有5天不盈利)
600919.SH,2024-04-12,2024-04-26,6.5866,6.3436,1100,-267.22,-280.85,14,False,移动止盈 (回撤>5.0%)
601728.SH,2024-04-11,2024-04-29,5.4154,5.4346,1600,30.64,16.12,18,True,移动止盈 (回撤>5.0%)
601868.SH,2024-04-24,2024-04-30,2.1421,2.1379,2800,-11.98,-25.10,6,False,时间止损 (持有6天不盈利)
600008.SH,2024-04-30,2024-05-07,2.5926,2.5874,2500,-12.95,-26.31,7,False,时间止损 (持有7天不盈利)
000088.SZ,2024-04-24,2024-05-08,4.5045,4.4955,1200,-10.80,-23.61,14,False,时间止损 (持有14天不盈利)
601998.SH,2024-05-07,2024-05-14,6.0761,6.0340,900,-37.90,-50.72,7,False,时间止损 (持有7天不盈利)
688425.SH,2024-05-07,2024-05-15,3.8839,3.8561,1200,-33.29,-45.69,8,False,时间止损 (持有8天不盈利)
601018.SH,2024-05-07,2024-05-16,3.4034,3.3866,1500,-25.18,-37.83,9,False,时间止损 (持有9天不盈利)
600816.SH,2024-05-14,2024-05-20,2.9930,2.9171,1400,-106.27,-118.40,6,False,时间止损 (持有6天不盈利)
300146.SZ,2024-05-13,2024-05-22,15.4054,15.3646,300,-12.23,-24.63,9,False,时间止损 (持有9天不盈利)
000725.SZ,2024-04-22,2024-05-23,4.1441,4.1758,1600,50.69,37.21,31,True,移动止盈 (回撤>5.0%)
000519.SZ,2024-05-14,2024-05-24,13.5135,13.3966,300,-35.07,-47.16,10,False,移动止盈 (回撤>5.0%)
000963.SZ,2024-05-20,2024-05-24,31.3914,29.4006,100,-199.08,-210.61,4,False,移动止盈 (回撤>5.0%)
601901.SH,2024-05-21,2024-05-27,8.4384,8.1818,500,-128.31,-140.44,6,False,时间止损 (持有6天不盈利)
601198.SH,2024-05-21,2024-05-27,8.3383,8.1418,500,-98.24,-110.36,6,False,时间止损 (持有6天不盈利)
000703.SZ,2024-05-21,2024-05-27,7.3373,7.2527,500,-42.29,-54.18,6,False,时间止损 (持有6天不盈利)
002773.SZ,2024-05-28,2024-06-03,21.5715,21.4785,300,-27.91,-41.27,6,False,时间止损 (持有6天不盈利)
002508.SZ,2024-05-29,2024-06-03,23.0831,22.2577,200,-165.07,-177.38,5,False,时间止损 (持有5天不盈利)
600233.SH,2024-05-29,2024-06-03,16.2763,15.5444,300,-219.55,-231.97,5,False,时间止损 (持有5天不盈利)
601818.SH,2024-05-13,2024-06-06,2.7127,2.7073,1600,-8.67,-20.92,24,False,时间止损 (持有24天不盈利)
002120.SZ,2024-06-03,2024-06-11,8.5586,8.3117,700,-172.81,-185.84,8,False,移动止盈 (回撤>5.0%)
601229.SH,2024-06-04,2024-06-11,6.4865,6.3037,900,-164.51,-177.46,7,False,时间止损 (持有7天不盈利)
300498.SZ,2024-06-05,2024-06-11,20.9609,20.5694,200,-78.31,-90.45,6,False,时间止损 (持有6天不盈利)
601009.SH,2024-06-06,2024-06-11,8.7688,8.5215,600,-148.37,-161.03,5,False,时间止损 (持有5天不盈利)
600598.SH,2024-04-29,2024-06-20,12.0120,12.0679,500,27.96,14.82,52,True,移动止盈 (回撤>5.0%)
600115.SH,2024-06-12,2024-06-20,3.9640,3.9361,1700,-47.43,-60.91,8,False,时间止损 (持有8天不盈利)
600161.SH,2024-06-19,2024-06-24,24.7447,24.2158,100,-52.90,-64.16,5,False,时间止损 (持有5天不盈利)
601006.SH,2024-06-19,2024-06-24,6.3764,6.3137,600,-37.61,-49.58,5,False,时间止损 (持有5天不盈利)
600893.SH,2024-06-19,2024-06-24,37.1571,36.2038,100,-95.34,-107.22,5,False,时间止损 (持有5天不盈利)
002736.SZ,2024-06-25,2024-07-01,8.3183,8.2118,600,-63.92,-76.48,6,False,时间止损 (持有6天不盈利)
601607.SH,2024-06-28,2024-07-03,18.2182,18.0020,200,-43.24,-55.12,5,False,时间止损 (持有5天不盈利)
600115.SH,2024-07-01,2024-07-08,4.0440,3.8362,1100,-228.67,-240.86,7,False,时间止损 (持有7天不盈利)
002179.SZ,2024-07-02,2024-07-08,37.4374,34.7952,100,-264.22,-276.03,6,False,时间止损 (持有6天不盈利)
601211.SH,2024-07-03,2024-07-08,13.1131,12.7372,200,-75.17,-86.50,5,False,时间止损 (持有5天不盈利)
300677.SZ,2024-06-18,2024-07-10,25.1952,29.1508,200,791.13,778.11,22,True,目标止盈 (盈利>15.0%)
600406.SH,2024-07-03,2024-07-12,23.6536,23.6164,100,-3.73,-14.96,9,False,时间止损 (持有9天不盈利)
600352.SH,2024-07-10,2024-07-17,8.0380,8.0220,500,-8.03,-20.12,7,False,时间止损 (持有7天不盈利)
601009.SH,2024-07-12,2024-07-22,9.2192,9.1608,400,-23.35,-35.26,10,False,时间止损 (持有10天不盈利)
601997.SH,2024-07-15,2024-07-22,5.0851,4.9251,600,-96.01,-107.54,7,False,时间止损 (持有7天不盈利)
600989.SH,2024-07-16,2024-07-22,16.4264,16.3037,100,-12.27,-23.12,6,False,时间止损 (持有6天不盈利)
601868.SH,2024-07-15,2024-07-23,2.0721,2.0679,1600,-6.62,-18.34,8,False,时间止损 (持有8天不盈利)
000001.SZ,2024-07-11,2024-07-25,9.2893,9.2408,400,-19.41,-31.33,14,False,时间止损 (持有14天不盈利)
000977.SZ,2024-07-15,2024-07-25,37.4774,36.6433,100,-83.41,-95.32,10,False,移动止盈 (回撤>5.0%)
601880.SH,2024-07-22,2024-07-29,1.2312,1.2288,3100,-7.63,-19.61,7,False,时间止损 (持有7天不盈利)
002958.SZ,2024-07-22,2024-07-29,2.5125,2.4376,1300,-97.43,-109.08,7,False,时间止损 (持有7天不盈利)
600036.SH,2024-07-24,2024-07-29,30.2002,29.4106,100,-78.96,-90.49,5,False,时间止损 (持有5天不盈利)
002001.SZ,2024-07-08,2024-07-30,18.1982,18.9810,200,156.56,144.59,22,True,移动止盈 (回撤>5.0%)
600104.SH,2024-08-02,2024-08-07,14.1141,13.7163,300,-119.35,-131.49,5,False,时间止损 (持有5天不盈利)
600009.SH,2024-08-01,2024-08-09,33.6536,33.3566,100,-29.70,-41.44,8,False,时间止损 (持有8天不盈利)
600905.SH,2024-08-07,2024-08-12,4.6146,4.6054,900,-8.30,-20.45,5,False,时间止损 (持有5天不盈利)
601377.SH,2024-08-07,2024-08-12,5.0250,4.9550,700,-48.99,-60.79,5,False,时间止损 (持有5天不盈利)
601939.SH,2024-06-14,2024-08-13,6.1361,7.0629,900,834.12,820.82,60,True,目标止盈 (盈利>15.0%)
600299.SH,2024-08-07,2024-08-14,10.5906,10.4995,300,-27.33,-38.97,7,False,时间止损 (持有7天不盈利)
603259.SH,2024-08-12,2024-08-19,39.7397,38.0519,100,-168.78,-180.76,7,False,时间止损 (持有7天不盈利)
000563.SZ,2024-08-12,2024-08-20,2.7628,2.7373,1300,-33.15,-45.00,8,False,时间止损 (持有8天不盈利)
000750.SZ,2024-08-12,2024-08-20,2.9529,2.9371,1100,-17.48,-29.16,8,False,时间止损 (持有8天不盈利)
601211.SH,2024-08-12,2024-08-22,13.4334,13.3766,300,-17.04,-29.13,10,False,时间止损 (持有10天不盈利)
600909.SH,2024-08-19,2024-08-26,4.4645,4.3157,900,-133.90,-145.92,7,False,时间止损 (持有7天不盈利)
600637.SH,2024-08-19,2024-08-26,6.0460,5.8342,600,-127.13,-138.95,7,False,时间止损 (持有7天不盈利)
601198.SH,2024-08-19,2024-08-26,8.1882,7.8421,400,-138.41,-150.04,7,False,时间止损 (持有7天不盈利)
002797.SZ,2024-08-21,2024-08-26,5.1151,5.0549,700,-42.12,-53.96,5,False,时间止损 (持有5天不盈利)
601816.SH,2024-06-26,2024-08-29,4.9750,5.2447,900,242.80,230.35,64,True,移动止盈 (回撤>5.0%)
688538.SH,2024-08-26,2024-09-06,2.0621,2.0380,2600,-62.66,-75.42,11,False,时间止损 (持有11天不盈利)
601061.SH,2024-09-05,2024-09-10,6.6166,6.5035,800,-90.50,-103.20,5,False,时间止损 (持有5天不盈利)
600352.SH,2024-09-11,2024-09-18,8.3684,8.3017,500,-33.33,-45.49,7,False,时间止损 (持有7天不盈利)
600143.SH,2024-09-11,2024-09-18,7.0671,7.0030,600,-38.44,-50.63,7,False,时间止损 (持有7天不盈利)
000792.SZ,2024-09-18,2024-09-23,14.6947,14.4655,300,-68.75,-81.01,5,False,时间止损 (持有5天不盈利)
000750.SZ,2024-09-23,2024-09-25,2.9630,3.5864,1400,872.83,860.23,2,True,目标止盈 (盈利>15.0%)
300339.SZ,2024-09-09,2024-09-26,19.9199,25.8541,200,1186.84,1174.17,17,True,目标止盈 (盈利>15.0%)
000783.SZ,2024-09-23,2024-09-26,4.8448,5.8042,700,671.54,659.44,3,True,目标止盈 (盈利>15.0%)
601377.SH,2024-09-23,2024-09-27,5.0550,6.0140,700,671.25,659.07,4,True,目标止盈 (盈利>15.0%)
688248.SH,2024-09-10,2024-09-30,25.0350,33.7662,200,1746.24,1732.74,20,True,目标止盈 (盈利>15.0%)
600062.SH,2024-09-20,2024-09-30,20.1401,23.2267,200,617.33,604.92,10,True,目标止盈 (盈利>15.0%)
601965.SH,2024-09-20,2024-09-30,15.8658,18.6513,200,557.10,545.16,10,True,目标止盈 (盈利>15.0%)
601818.SH,2024-10-23,2024-10-28,3.1732,3.1269,1800,-83.34,-96.27,5,False,时间止损 (持有5天不盈利)
600019.SH,2024-10-24,2024-10-30,6.3764,6.3337,800,-34.17,-46.80,6,False,移动止盈 (回撤>5.0%)
000027.SZ,2024-10-24,2024-10-31,6.5365,6.5135,700,-16.14,-28.51,7,False,移动止盈 (回撤>5.0%)
600999.SH,2024-10-28,2024-11-04,19.1892,19.0310,200,-31.64,-43.62,7,False,时间止损 (持有7天不盈利)
600905.SH,2024-11-13,2024-11-18,4.6947,4.6454,800,-39.47,-51.40,5,False,时间止损 (持有5天不盈利)
600820.SH,2024-10-30,2024-11-22,6.4164,6.2637,700,-106.88,-119.16,23,False,移动止盈 (回撤>5.0%)
601688.SH,2024-11-20,2024-11-22,17.9679,16.9930,200,-194.99,-206.76,2,False,移动止盈 (回撤>5.0%)
600887.SH,2024-11-21,2024-11-26,27.4975,26.8431,100,-65.43,-76.83,5,False,时间止损 (持有5天不盈利)
601298.SH,2024-11-26,2024-12-02,8.2082,8.0419,400,-66.50,-78.17,6,False,时间止损 (持有6天不盈利)
002078.SZ,2024-12-02,2024-12-09,14.2542,13.9560,200,-59.64,-71.09,7,False,时间止损 (持有7天不盈利)
002773.SZ,2024-12-04,2024-12-13,19.5195,19.3706,100,-14.89,-25.90,9,False,时间止损 (持有9天不盈利)
601607.SH,2024-12-09,2024-12-16,21.1812,21.1288,100,-5.23,-16.33,7,False,时间止损 (持有7天不盈利)
601018.SH,2024-12-11,2024-12-17,3.7638,3.7363,500,-13.75,-24.72,6,False,时间止损 (持有6天不盈利)
600028.SH,2024-12-11,2024-12-17,6.2162,6.2038,300,-3.73,-14.69,6,False,时间止损 (持有6天不盈利)
000937.SZ,2024-11-28,2024-12-19,5.5656,5.8342,500,134.30,122.78,21,True,移动止盈 (回撤>5.0%)
600098.SH,2024-12-11,2024-12-19,6.2963,6.2138,200,-16.50,-27.15,8,False,时间止损 (持有8天不盈利)
001213.SZ,2024-10-31,2024-12-23,4.1141,4.0859,1200,-33.84,-46.39,53,False,移动止盈 (回撤>5.0%)
002064.SZ,2024-12-16,2024-12-23,8.3583,8.0419,200,-63.28,-74.12,7,False,时间止损 (持有7天不盈利)
600906.SH,2024-12-16,2024-12-23,7.5275,7.2228,200,-60.95,-71.70,7,False,时间止损 (持有7天不盈利)
601006.SH,2024-11-27,2024-12-26,6.5565,6.5335,400,-9.24,-20.60,29,False,时间止损 (持有29天不盈利)
600176.SH,2024-12-18,2024-12-26,11.1511,11.0889,100,-6.22,-16.80,8,False,时间止损 (持有8天不盈利)
600521.SH,2024-12-24,2024-12-30,18.4684,18.2318,100,-23.67,-34.62,6,False,时间止损 (持有6天不盈利)
601816.SH,2024-12-25,2024-12-31,6.0861,5.9940,400,-36.83,-48.08,6,False,时间止损 (持有6天不盈利)
