trade_date,cash,position_value,total_value,daily_return,position_count,buy_count,sell_count,is_safe_period,forced_empty
2024-01-02,100000.00,0.00,100000.00,0.000000,0,0,0,True,False
2024-01-03,100000.00,0.00,100000.00,0.000000,0,0,0,True,False
2024-01-04,100000.00,0.00,100000.00,0.000000,0,0,0,True,False
2024-01-05,100000.00,0.00,100000.00,0.000000,0,0,0,True,False
2024-01-08,100000.00,0.00,100000.00,0.000000,0,0,0,False,True
2024-01-09,100000.00,0.00,100000.00,0.000000,0,0,0,True,False
2024-01-10,100000.00,0.00,100000.00,0.000000,0,0,0,True,False
2024-01-11,100000.00,0.00,100000.00,0.000000,0,0,0,True,False
2024-01-12,100000.00,0.00,100000.00,0.000000,0,0,0,True,False
2024-01-15,100000.00,0.00,100000.00,0.000000,0,0,0,True,False
2024-01-16,100000.00,0.00,100000.00,0.000000,0,0,0,True,False
2024-01-17,100000.00,0.00,100000.00,0.000000,0,0,0,False,True
2024-01-18,100000.00,0.00,100000.00,0.000000,0,0,0,True,False
2024-01-19,100000.00,0.00,100000.00,0.000000,0,0,0,True,False
2024-01-22,100000.00,0.00,100000.00,0.000000,0,0,0,False,True
2024-01-23,100000.00,0.00,100000.00,0.000000,0,0,0,True,False
2024-01-24,100000.00,0.00,100000.00,0.000000,0,0,0,True,False
2024-01-25,100000.00,0.00,100000.00,0.000000,0,0,0,True,False
2024-01-26,100000.00,0.00,100000.00,0.000000,0,0,0,True,False
2024-01-29,100000.00,0.00,100000.00,0.000000,0,0,0,True,False
2024-01-30,100000.00,0.00,100000.00,0.000000,0,0,0,False,True
2024-01-31,100000.00,0.00,100000.00,0.000000,0,0,0,True,False
2024-02-01,100000.00,0.00,100000.00,0.000000,0,0,0,True,False
2024-02-02,100000.00,0.00,100000.00,0.000000,0,0,0,True,False
2024-02-05,100000.00,0.00,100000.00,0.000000,0,0,0,True,False
2024-02-06,100000.00,0.00,100000.00,0.000000,0,0,0,True,False
2024-02-07,100000.00,0.00,100000.00,0.000000,0,0,0,True,False
2024-02-08,100000.00,0.00,100000.00,0.000000,0,0,0,True,False
2024-02-19,100000.00,0.00,100000.00,0.000000,0,0,0,True,False
2024-02-20,100000.00,0.00,100000.00,0.000000,0,0,0,True,False
2024-02-21,100000.00,0.00,100000.00,0.000000,0,0,0,True,False
2024-02-22,100000.00,0.00,100000.00,0.000000,0,0,0,True,False
2024-02-23,100000.00,0.00,100000.00,0.000000,0,0,0,True,False
2024-02-26,100000.00,0.00,100000.00,0.000000,0,0,0,True,False
2024-02-27,100000.00,0.00,100000.00,0.000000,0,0,0,True,False
2024-02-28,100000.00,0.00,100000.00,0.000000,0,0,0,False,True
2024-02-29,100000.00,0.00,100000.00,0.000000,0,0,0,True,False
2024-03-01,100000.00,0.00,100000.00,0.000000,0,0,0,True,False
2024-03-04,100000.00,0.00,100000.00,0.000000,0,0,0,True,False
2024-03-05,100000.00,0.00,100000.00,0.000000,0,0,0,True,False
2024-03-06,100000.00,0.00,100000.00,0.000000,0,0,0,True,False
2024-03-07,100000.00,0.00,100000.00,0.000000,0,0,0,True,False
2024-03-08,90193.11,0.00,90193.11,-0.098069,1,1,0,True,False
2024-03-11,81491.34,0.00,81491.34,-0.096479,1,1,0,True,False
2024-03-12,81491.34,8496.00,89987.34,0.104256,1,0,0,True,False
2024-03-13,81491.34,8464.00,89955.34,-0.000356,1,0,0,True,False
2024-03-14,81491.34,8448.00,89939.34,-0.000178,1,0,0,True,False
2024-03-15,81491.34,8448.00,89939.34,0.000000,1,0,0,True,False
2024-03-18,89905.61,0.00,89905.61,-0.000375,0,0,1,True,False
2024-03-19,89905.61,0.00,89905.61,0.000000,0,0,0,True,False
2024-03-20,89905.61,0.00,89905.61,0.000000,0,0,0,True,False
2024-03-21,89905.61,0.00,89905.61,0.000000,0,0,0,True,False
2024-03-22,89905.61,0.00,89905.61,0.000000,0,0,0,True,False
2024-03-25,89905.61,0.00,89905.61,0.000000,0,0,0,True,False
2024-03-26,89905.61,0.00,89905.61,0.000000,0,0,0,True,False
2024-03-27,89905.61,0.00,89905.61,0.000000,0,0,0,False,True
2024-03-28,89905.61,0.00,89905.61,0.000000,0,0,0,True,False
2024-03-29,89905.61,0.00,89905.61,0.000000,0,0,0,True,False
2024-04-01,89905.61,0.00,89905.61,0.000000,0,0,0,True,False
2024-04-02,89905.61,0.00,89905.61,0.000000,0,0,0,True,False
2024-04-03,89905.61,0.00,89905.61,0.000000,0,0,0,True,False
2024-04-08,89905.61,0.00,89905.61,0.000000,0,0,0,True,False
2024-04-09,89905.61,0.00,89905.61,0.000000,0,0,0,True,False
2024-04-10,89905.61,0.00,89905.61,0.000000,0,0,0,True,False
2024-04-11,81235.86,0.00,81235.86,-0.096432,1,1,0,True,False
2024-04-12,68815.34,8688.00,77503.34,-0.045947,3,2,0,True,False
2024-04-15,68815.34,21396.00,90211.34,0.163967,3,0,0,True,False
2024-04-16,68815.34,21172.00,89987.34,-0.002483,3,0,0,False,True
2024-04-17,73580.13,16716.00,90296.13,0.003431,2,0,1,True,False
2024-04-18,73580.13,16700.00,90280.13,-0.000177,2,0,0,True,False
2024-04-19,67587.09,16687.00,84274.09,-0.066527,3,1,0,True,False
2024-04-22,60951.40,22757.00,83708.40,-0.006713,4,1,0,True,False
2024-04-23,55116.52,29030.00,84146.52,0.005234,5,1,0,True,False
2024-04-24,49521.21,23140.00,72661.21,-0.136492,5,2,1,True,False
2024-04-25,49521.21,34980.00,84501.21,0.162948,5,0,0,True,False
2024-04-26,56490.66,27252.00,83742.66,-0.008977,4,0,1,True,False
2024-04-29,59165.47,18388.00,77553.47,-0.073907,4,1,1,True,False
2024-04-30,58656.88,18341.00,76997.88,-0.007164,4,1,1,True,False
2024-05-06,53255.44,25368.00,78623.44,0.021112,5,1,0,True,False
2024-05-07,44466.29,18603.00,63069.29,-0.197831,6,3,1,True,False
2024-05-08,49853.14,28415.00,78268.14,0.240987,5,0,1,True,False
2024-05-09,49853.14,28604.00,78457.14,0.002415,5,0,0,True,False
2024-05-10,49853.14,28598.00,78451.14,-0.000076,5,0,0,True,False
2024-05-13,40881.10,28685.00,69566.10,-0.113256,7,2,0,True,False
2024-05-14,38049.57,32152.00,70201.57,0.009135,8,2,1,True,False
2024-05-15,42669.58,35245.00,77914.58,0.109869,7,0,1,True,False
2024-05-16,47741.90,29958.00,77699.90,-0.002755,6,0,1,True,False
2024-05-17,47741.90,30379.00,78120.90,0.005418,6,0,0,True,False
2024-05-20,48674.57,26451.00,75125.57,-0.038342,6,1,1,True,False
2024-05-21,36602.40,29448.00,66050.40,-0.120800,9,3,0,True,False
2024-05-22,41204.44,36817.00,78021.44,0.181241,8,0,1,True,False
2024-05-23,47877.34,29634.00,77511.34,-0.006538,7,0,1,False,True
2024-05-24,54822.83,22287.00,77109.83,-0.005180,5,0,2,True,False
2024-05-27,66590.01,10746.00,77336.01,0.002933,2,0,3,True,False
2024-05-28,60113.48,10694.00,70807.48,-0.084418,3,1,0,True,False
2024-05-29,50603.90,17113.00,67716.90,-0.043648,5,2,0,True,False
2024-05-30,50603.90,26480.00,77083.90,0.138326,5,0,0,True,False
2024-05-31,50603.90,26338.00,76941.90,-0.001842,5,0,0,True,False
2024-06-03,60143.35,10579.00,70722.35,-0.080834,3,1,3,True,False
2024-06-04,54300.45,16971.00,71271.45,0.007764,4,1,0,True,False
2024-06-05,50103.22,22360.00,72463.22,0.016722,5,1,0,True,False
2024-06-06,49161.37,21983.00,71144.37,-0.018200,5,1,1,True,False
2024-06-07,49161.37,27495.00,76656.37,0.077476,5,0,0,True,False
2024-06-11,69849.07,6250.00,76099.07,-0.007270,1,0,4,True,False
2024-06-12,63105.27,6210.00,69315.27,-0.089144,2,1,0,True,False
2024-06-13,56944.05,12808.00,69752.05,0.006301,3,1,0,True,False
2024-06-14,51416.48,12890.00,64306.48,-0.078070,3,1,0,True,False
2024-06-17,51416.48,18336.00,69752.48,0.084688,3,0,0,True,False
2024-06-18,46372.40,18395.00,64767.40,-0.071468,4,1,0,True,False
2024-06-19,36341.29,23399.00,59740.29,-0.077618,7,3,0,True,False
2024-06-20,49050.06,20569.00,69619.06,0.165362,5,0,2,True,False
2024-06-21,49050.06,20710.00,69760.06,0.002025,5,0,0,True,False
2024-06-24,52969.27,10754.00,63723.27,-0.086537,3,1,3,True,False
2024-06-25,47973.24,10711.00,58684.24,-0.079077,3,1,0,True,False
2024-06-26,43490.72,15988.00,59478.72,0.013538,4,1,0,True,False
2024-06-27,43490.72,20600.00,64090.72,0.077540,4,0,0,False,True
2024-06-28,39842.04,20724.00,60566.04,-0.054995,5,1,0,True,False
2024-07-01,40308.11,19878.00,60186.11,-0.006273,5,1,1,True,False
2024-07-02,36559.33,24487.00,61046.33,0.014293,6,1,0,True,False
2024-07-03,35154.86,24196.00,59350.86,-0.027774,7,2,1,True,False
2024-07-04,35154.86,28983.00,64137.86,0.080656,7,0,0,False,True
2024-07-05,35154.86,28914.00,64068.86,-0.001076,7,0,0,True,False
2024-07-08,41736.70,18596.00,60332.70,-0.058315,5,1,3,True,False
2024-07-09,41736.70,22739.00,64475.70,0.068669,5,0,0,True,False
2024-07-10,43534.84,16979.00,60513.84,-0.061447,5,1,1,True,False
2024-07-11,39814.09,21131.00,60945.09,0.007126,6,1,0,True,False
2024-07-12,38476.80,22673.00,61149.80,0.003359,6,1,1,True,False
2024-07-15,28347.59,26651.00,54998.59,-0.100592,9,3,0,True,False
2024-07-16,26699.94,36888.00,63587.94,0.156174,10,1,0,True,False
2024-07-17,30703.88,34473.00,65176.88,0.024988,9,0,1,True,False
2024-07-18,30703.88,34563.00,65266.88,0.001381,9,0,0,True,False
2024-07-19,30703.88,34656.00,65359.88,0.001425,9,0,0,True,False
2024-07-22,31841.26,26146.00,57987.26,-0.112800,8,2,3,True,False
2024-07-23,35143.26,29725.00,64868.26,0.118664,7,0,1,False,True
2024-07-24,32118.22,29628.00,61746.22,-0.048129,8,1,0,True,False
2024-07-25,39465.10,25181.00,64646.10,0.046964,6,0,2,True,False
2024-07-26,39465.10,25011.00,64476.10,-0.002630,6,0,0,True,False
2024-07-29,49364.11,15173.00,64537.11,0.000946,3,0,3,True,False
2024-07-30,53153.37,11331.00,64484.37,-0.000817,2,0,1,True,False
2024-07-31,53153.37,11169.00,64322.37,-0.002512,2,0,0,True,False
2024-08-01,49782.98,11322.00,61104.98,-0.050020,3,1,0,True,False
2024-08-02,45543.70,14676.00,60219.70,-0.014488,4,1,0,True,False
2024-08-05,45543.70,18909.00,64452.70,0.070293,4,0,0,False,True
2024-08-06,41376.50,18721.00,60097.50,-0.067572,5,1,0,True,False
2024-08-07,34621.34,14568.00,49189.34,-0.181508,6,3,1,True,False
2024-08-08,34621.34,25490.00,60111.34,0.222040,6,0,0,True,False
2024-08-09,37950.30,22034.00,59984.30,-0.002113,5,0,1,False,True
2024-08-12,30685.82,14451.00,45136.82,-0.247523,7,4,2,True,False
2024-08-13,37034.21,23128.00,60162.21,0.332886,6,0,1,True,False
2024-08-14,40177.46,19758.00,59935.46,-0.003769,5,0,1,False,True
2024-08-15,40177.46,19981.00,60158.46,0.003721,5,0,0,True,False
2024-08-16,40177.46,19844.00,60021.46,-0.002277,5,0,0,True,False
2024-08-19,33039.69,16023.00,49062.69,-0.182581,7,3,1,True,False
2024-08-20,39815.43,19829.00,59644.43,0.215678,5,0,2,False,True
2024-08-21,36229.82,19769.00,55998.82,-0.061122,6,1,0,True,False
2024-08-22,40235.75,18995.00,59230.75,0.057714,5,0,1,True,False
2024-08-23,40235.75,19056.00,59291.75,0.001030,5,0,0,True,False
2024-08-26,48902.10,4950.00,53852.10,-0.091744,2,1,4,True,False
2024-08-27,48902.10,10271.00,59173.10,0.098808,2,0,0,True,False
2024-08-28,48902.10,10251.00,59153.10,-0.000338,2,0,0,True,False
2024-08-29,53614.97,5330.00,58944.97,-0.003519,1,0,1,True,False
2024-08-30,53614.97,5486.00,59100.97,0.002647,1,0,0,True,False
2024-09-02,53614.97,5486.00,59100.97,0.000000,1,0,0,True,False
2024-09-03,53614.97,5460.00,59074.97,-0.000440,1,0,0,True,False
2024-09-04,53614.97,5408.00,59022.97,-0.000880,1,0,0,True,False
2024-09-05,48316.62,5408.00,53724.62,-0.089767,2,1,0,True,False
2024-09-06,53607.62,5256.00,58863.62,0.095654,1,0,1,False,True
2024-09-09,49618.60,5184.00,54802.60,-0.068990,2,1,0,True,False
2024-09-10,49801.68,4102.00,53903.68,-0.016403,2,1,1,True,False
2024-09-11,41367.18,9120.00,50487.18,-0.063382,4,2,0,True,False
2024-09-12,41367.18,17781.00,59148.18,0.171548,4,0,0,True,False
2024-09-13,41367.18,17550.00,58917.18,-0.003905,4,0,0,True,False
2024-09-18,45292.12,9226.00,54518.12,-0.074665,3,1,2,True,False
2024-09-19,45292.12,13817.00,59109.12,0.084211,3,0,0,True,False
2024-09-20,38080.85,13971.00,52051.85,-0.119394,5,2,0,True,False
2024-09-23,31320.11,16826.00,48146.11,-0.075035,7,3,1,True,False
2024-09-24,31320.11,28924.00,60244.11,0.251277,7,0,0,True,False
2024-09-25,36333.53,24568.00,60901.53,0.010912,6,0,1,True,False
2024-09-26,45552.58,16845.00,62397.58,0.024565,4,0,2,True,False
2024-09-27,49755.21,13482.00,63237.21,0.013456,3,0,1,True,False
2024-09-30,64861.35,0.00,64861.35,0.025683,0,0,3,True,False
2024-10-08,64861.35,0.00,64861.35,0.000000,0,0,0,True,False
2024-10-09,64861.35,0.00,64861.35,0.000000,0,0,0,False,True
2024-10-10,64861.35,0.00,64861.35,0.000000,0,0,0,True,False
2024-10-11,64861.35,0.00,64861.35,0.000000,0,0,0,False,True
2024-10-14,64861.35,0.00,64861.35,0.000000,0,0,0,True,False
2024-10-15,64861.35,0.00,64861.35,0.000000,0,0,0,False,True
2024-10-16,64861.35,0.00,64861.35,0.000000,0,0,0,True,False
2024-10-17,64861.35,0.00,64861.35,0.000000,0,0,0,False,True
2024-10-18,64861.35,0.00,64861.35,0.000000,0,0,0,True,False
2024-10-21,64861.35,0.00,64861.35,0.000000,0,0,0,True,False
2024-10-22,58586.03,0.00,58586.03,-0.096750,1,1,0,True,False
2024-10-23,52869.26,6354.00,59223.26,0.010877,2,1,0,True,False
2024-10-24,43182.50,12024.00,55206.50,-0.067824,4,2,0,True,False
2024-10-25,43182.50,21875.00,65057.50,0.178439,4,0,0,True,False
2024-10-28,44960.12,16617.00,61577.12,-0.053497,4,1,1,True,False
2024-10-29,44960.12,20013.00,64973.12,0.055150,4,0,0,False,True
2024-10-30,45522.94,14781.00,60303.94,-0.071863,4,1,1,True,False
2024-10-31,45133.07,14707.00,59840.07,-0.007692,4,1,1,True,False
2024-11-01,45133.07,19710.00,64843.07,0.083606,4,0,0,True,False
2024-11-04,48932.31,16113.00,65045.31,0.003119,3,0,1,True,False
2024-11-05,44428.78,16308.00,60736.78,-0.066239,4,1,0,True,False
2024-11-06,40591.91,16257.00,56848.91,-0.064012,4,1,0,True,False
2024-11-07,40591.91,20500.00,61091.91,0.074636,4,0,0,True,False
2024-11-08,40591.91,20361.00,60952.91,-0.002275,4,0,0,True,False
2024-11-11,40591.91,20207.00,60798.91,-0.002527,4,0,0,True,False
2024-11-12,40591.91,20041.00,60632.91,-0.002730,4,0,0,True,False
2024-11-13,36831.12,20261.00,57092.12,-0.058397,5,1,0,True,False
2024-11-14,36831.12,23739.00,60570.12,0.060919,5,0,0,False,True
2024-11-15,36831.12,23731.00,60562.12,-0.000132,5,0,0,True,False
2024-11-18,40540.50,20457.00,60997.50,0.007189,4,0,1,True,False
2024-11-19,40540.50,20305.00,60845.50,-0.002492,4,0,0,True,False
2024-11-20,31265.16,20384.00,51649.16,-0.151143,7,3,0,True,False
2024-11-21,28510.39,26734.00,55244.39,0.069609,7,1,0,True,False
2024-11-22,36279.63,20871.00,57150.63,0.034506,5,0,2,False,True
2024-11-25,33051.37,17076.00,50127.37,-0.122890,5,1,0,True,False
2024-11-26,32441.00,17823.00,50264.00,0.002726,5,1,1,True,False
2024-11-27,29813.36,18092.00,47905.36,-0.046925,5,1,0,True,False
2024-11-28,27025.55,20618.00,47643.55,-0.005465,6,1,0,True,False
2024-11-29,27025.55,23461.00,50486.55,0.059672,6,0,0,True,False
2024-12-02,27379.81,20448.00,47827.81,-0.052662,6,1,1,True,False
2024-12-03,25276.70,23445.00,48721.70,0.018690,7,1,0,True,False
2024-12-04,23319.73,25488.00,48807.73,0.001766,8,1,0,True,False
2024-12-05,21228.62,25205.00,46433.62,-0.048642,8,1,0,True,False
2024-12-06,21228.62,27526.00,48754.62,0.049985,8,0,0,True,False
2024-12-09,21890.27,22701.00,44591.27,-0.085394,7,1,1,True,False
2024-12-10,21890.27,24615.00,46505.27,0.042923,7,0,0,False,True
2024-12-11,16869.22,18029.00,34898.22,-0.249586,9,3,0,True,False
2024-12-12,16869.22,23138.00,40007.22,0.146397,9,0,0,True,False
2024-12-13,18800.29,20796.00,39596.29,-0.010271,8,0,1,False,True
2024-12-16,17719.89,18842.00,36561.89,-0.076633,9,2,1,True,False
2024-12-17,20311.13,18061.00,38372.13,0.049511,8,1,2,True,False
2024-12-18,19191.00,18062.00,37253.00,-0.029165,8,1,0,True,False
2024-12-19,23338.71,14881.00,38219.71,0.025950,6,0,2,True,False
2024-12-20,23338.71,14843.00,38181.71,-0.000994,6,0,0,True,False
2024-12-23,31275.69,6793.00,38068.69,-0.002960,3,0,3,True,False
2024-12-24,29423.83,6834.00,36257.83,-0.047568,4,1,0,True,False
2024-12-25,24284.65,8694.00,32978.65,-0.090440,6,2,0,True,False
2024-12-26,27995.03,9911.00,37906.03,0.149411,4,0,2,True,False
2024-12-27,27995.03,9994.00,37989.03,0.002190,4,0,0,True,False
2024-12-30,29812.27,8324.00,38136.27,0.003876,3,0,1,True,False
2024-12-31,32203.65,5798.00,38001.65,-0.003530,2,0,1,False,True
