trade_date,symbol,side,shares,price,amount,commission,slippage,reason
2024-03-08,601328.SH,buy,1800,5.4454,9801.79,5.00,9.80,资金流增强 RS-Pullback
2024-03-11,601328.SH,buy,1600,5.4354,8696.69,5.00,8.70,资金流增强 RS-Pullback
2024-03-18,601328.SH,sell,1600,5.2647,8423.57,5.00,8.42,时间止损 (持有7天不盈利)
2024-04-11,601728.SH,buy,1600,5.4154,8664.66,5.00,8.66,资金流增强 RS-Pullback
2024-04-12,688266.SH,buy,100,51.6516,5165.16,5.00,5.17,资金流增强 RS-Pullback
2024-04-12,600919.SH,buy,1100,6.5866,7245.24,5.00,7.25,资金流增强 RS-Pullback
2024-04-17,688266.SH,sell,100,47.7222,4772.22,5.00,4.77,移动止盈 (回撤>5.0%)
2024-04-19,300124.SZ,buy,100,59.8798,5987.98,5.00,5.99,资金流增强 RS-Pullback
2024-04-22,000725.SZ,buy,1600,4.1441,6630.62,5.00,6.63,资金流增强 RS-Pullback
2024-04-23,000088.SZ,buy,1300,4.4845,5829.82,5.00,5.83,资金流增强 RS-Pullback
2024-04-24,300124.SZ,sell,100,58.2617,5826.17,5.00,5.83,时间止损 (持有5天不盈利)
2024-04-24,601868.SH,buy,2800,2.1421,5997.99,5.00,6.00,资金流增强 RS-Pullback
2024-04-24,000088.SZ,buy,1200,4.5045,5405.40,5.00,5.41,资金流增强 RS-Pullback
2024-04-26,600919.SH,sell,1100,6.3436,6978.01,5.00,6.98,移动止盈 (回撤>5.0%)
2024-04-29,601728.SH,sell,1600,5.4346,8695.30,5.00,8.70,移动止盈 (回撤>5.0%)
2024-04-29,600598.SH,buy,500,12.0120,6006.00,5.00,6.01,资金流增强 RS-Pullback
2024-04-30,601868.SH,sell,2800,2.1379,5986.01,5.00,5.99,时间止损 (持有6天不盈利)
2024-04-30,600008.SH,buy,2500,2.5926,6481.47,5.00,6.48,资金流增强 RS-Pullback
2024-05-06,601998.SH,buy,900,5.9960,5396.39,5.00,5.40,资金流增强 RS-Pullback
2024-05-07,600008.SH,sell,2500,2.5874,6468.52,5.00,6.47,时间止损 (持有7天不盈利)
2024-05-07,601998.SH,buy,900,6.0761,5468.46,5.00,5.47,资金流增强 RS-Pullback
2024-05-07,601018.SH,buy,1500,3.4034,5105.10,5.00,5.11,资金流增强 RS-Pullback
2024-05-07,688425.SH,buy,1200,3.8839,4660.66,5.00,4.66,资金流增强 RS-Pullback
2024-05-08,000088.SZ,sell,1200,4.4955,5394.60,5.00,5.39,时间止损 (持有14天不盈利)
2024-05-13,300146.SZ,buy,300,15.4054,4621.62,5.00,4.62,资金流增强 RS-Pullback
2024-05-13,601818.SH,buy,1600,2.7127,4340.34,5.00,4.34,资金流增强 RS-Pullback
2024-05-14,601998.SH,sell,900,6.0340,5430.56,5.00,5.43,时间止损 (持有7天不盈利)
2024-05-14,000519.SZ,buy,300,13.5135,4054.05,5.00,4.05,资金流增强 RS-Pullback
2024-05-14,600816.SH,buy,1400,2.9930,4190.19,5.00,4.19,资金流增强 RS-Pullback
2024-05-15,688425.SH,sell,1200,3.8561,4627.37,5.00,4.63,时间止损 (持有8天不盈利)
2024-05-16,601018.SH,sell,1500,3.3866,5079.91,5.00,5.08,时间止损 (持有9天不盈利)
2024-05-20,600816.SH,sell,1400,2.9171,4083.91,5.00,4.08,时间止损 (持有6天不盈利)
2024-05-20,000963.SZ,buy,100,31.3914,3139.14,5.00,3.14,资金流增强 RS-Pullback
2024-05-21,601901.SH,buy,500,8.4384,4219.21,5.00,4.22,资金流增强 RS-Pullback
2024-05-21,601198.SH,buy,500,8.3383,4169.16,5.00,4.17,资金流增强 RS-Pullback
2024-05-21,000703.SZ,buy,500,7.3373,3668.66,5.00,3.67,资金流增强 RS-Pullback
2024-05-22,300146.SZ,sell,300,15.3646,4609.39,5.00,4.61,时间止损 (持有9天不盈利)
2024-05-23,000725.SZ,sell,1600,4.1758,6681.31,5.00,6.68,移动止盈 (回撤>5.0%)
2024-05-24,000519.SZ,sell,300,13.3966,4018.98,5.00,4.02,移动止盈 (回撤>5.0%)
2024-05-24,000963.SZ,sell,100,29.4006,2940.06,5.00,2.94,移动止盈 (回撤>5.0%)
2024-05-27,601901.SH,sell,500,8.1818,4090.90,5.00,4.09,时间止损 (持有6天不盈利)
2024-05-27,601198.SH,sell,500,8.1418,4070.92,5.00,4.07,时间止损 (持有6天不盈利)
2024-05-27,000703.SZ,sell,500,7.2527,3626.37,5.00,3.63,时间止损 (持有6天不盈利)
2024-05-28,002773.SZ,buy,300,21.5715,6471.46,5.00,6.47,资金流增强 RS-Pullback
2024-05-29,002508.SZ,buy,200,23.0831,4616.61,5.00,4.62,资金流增强 RS-Pullback
2024-05-29,600233.SH,buy,300,16.2763,4882.88,5.00,4.88,资金流增强 RS-Pullback
2024-06-03,002773.SZ,sell,300,21.4785,6443.55,5.00,6.44,时间止损 (持有6天不盈利)
2024-06-03,002508.SZ,sell,200,22.2577,4451.54,5.00,4.45,时间止损 (持有5天不盈利)
2024-06-03,600233.SH,sell,300,15.5444,4663.33,5.00,4.66,时间止损 (持有5天不盈利)
2024-06-03,002120.SZ,buy,700,8.5586,5990.99,5.00,5.99,资金流增强 RS-Pullback
2024-06-04,601229.SH,buy,900,6.4865,5837.83,5.00,5.84,资金流增强 RS-Pullback
2024-06-05,300498.SZ,buy,200,20.9609,4192.19,5.00,4.19,资金流增强 RS-Pullback
2024-06-06,601818.SH,sell,1600,2.7073,4331.66,5.00,4.33,时间止损 (持有24天不盈利)
2024-06-06,601009.SH,buy,600,8.7688,5261.26,5.00,5.26,资金流增强 RS-Pullback
2024-06-11,002120.SZ,sell,700,8.3117,5818.18,5.00,5.82,移动止盈 (回撤>5.0%)
2024-06-11,601229.SH,sell,900,6.3037,5673.32,5.00,5.67,时间止损 (持有7天不盈利)
2024-06-11,300498.SZ,sell,200,20.5694,4113.88,5.00,4.11,时间止损 (持有6天不盈利)
2024-06-11,601009.SH,sell,600,8.5215,5112.88,5.00,5.11,时间止损 (持有5天不盈利)
2024-06-12,600115.SH,buy,1700,3.9640,6738.73,5.00,6.74,资金流增强 RS-Pullback
2024-06-13,601939.SH,buy,1000,6.1561,6156.15,5.00,6.16,资金流增强 RS-Pullback
2024-06-14,601939.SH,buy,900,6.1361,5522.52,5.00,5.52,资金流增强 RS-Pullback
2024-06-18,300677.SZ,buy,200,25.1952,5039.03,5.00,5.04,资金流增强 RS-Pullback
2024-06-19,600161.SH,buy,100,24.7447,2474.47,5.00,2.47,资金流增强 RS-Pullback
2024-06-19,601006.SH,buy,600,6.3764,3825.82,5.00,3.83,资金流增强 RS-Pullback
2024-06-19,600893.SH,buy,100,37.1571,3715.71,5.00,3.72,资金流增强 RS-Pullback
2024-06-20,600598.SH,sell,500,12.0679,6033.96,5.00,6.03,移动止盈 (回撤>5.0%)
2024-06-20,600115.SH,sell,1700,3.9361,6691.30,5.00,6.69,时间止损 (持有8天不盈利)
2024-06-24,600161.SH,sell,100,24.2158,2421.58,5.00,2.42,时间止损 (持有5天不盈利)
2024-06-24,601006.SH,sell,600,6.3137,3788.21,5.00,3.79,时间止损 (持有5天不盈利)
2024-06-24,600893.SH,sell,100,36.2038,3620.38,5.00,3.62,时间止损 (持有5天不盈利)
2024-06-24,002736.SZ,buy,700,8.4084,5885.88,5.00,5.89,资金流增强 RS-Pullback
2024-06-25,002736.SZ,buy,600,8.3183,4990.99,5.00,4.99,资金流增强 RS-Pullback
2024-06-26,601816.SH,buy,900,4.9750,4477.47,5.00,4.48,资金流增强 RS-Pullback
2024-06-28,601607.SH,buy,200,18.2182,3643.64,5.00,3.64,资金流增强 RS-Pullback
2024-07-01,002736.SZ,sell,600,8.2118,4927.07,5.00,4.93,时间止损 (持有6天不盈利)
2024-07-01,600115.SH,buy,1100,4.0440,4448.44,5.00,4.45,资金流增强 RS-Pullback
2024-07-02,002179.SZ,buy,100,37.4374,3743.74,5.00,3.74,资金流增强 RS-Pullback
2024-07-03,601607.SH,sell,200,18.0020,3600.40,5.00,3.60,时间止损 (持有5天不盈利)
2024-07-03,600406.SH,buy,100,23.6536,2365.36,5.00,2.37,资金流增强 RS-Pullback
2024-07-03,601211.SH,buy,200,13.1131,2622.62,5.00,2.62,资金流增强 RS-Pullback
2024-07-08,600115.SH,sell,1100,3.8362,4219.78,5.00,4.22,时间止损 (持有7天不盈利)
2024-07-08,002179.SZ,sell,100,34.7952,3479.52,5.00,3.48,时间止损 (持有6天不盈利)
2024-07-08,601211.SH,sell,200,12.7372,2547.45,5.00,2.55,时间止损 (持有5天不盈利)
2024-07-08,002001.SZ,buy,200,18.1982,3639.64,5.00,3.64,资金流增强 RS-Pullback
2024-07-10,300677.SZ,sell,200,29.1508,5830.16,5.00,5.83,目标止盈 (盈利>15.0%)
2024-07-10,600352.SH,buy,500,8.0380,4019.01,5.00,4.02,资金流增强 RS-Pullback
2024-07-11,000001.SZ,buy,400,9.2893,3715.71,5.00,3.72,资金流增强 RS-Pullback
2024-07-12,600406.SH,sell,100,23.6164,2361.64,5.00,2.36,时间止损 (持有9天不盈利)
2024-07-12,601009.SH,buy,400,9.2192,3687.68,5.00,3.69,资金流增强 RS-Pullback
2024-07-15,000977.SZ,buy,100,37.4774,3747.74,5.00,3.75,资金流增强 RS-Pullback
2024-07-15,601868.SH,buy,1600,2.0721,3315.31,5.00,3.32,资金流增强 RS-Pullback
2024-07-15,601997.SH,buy,600,5.0851,3051.05,5.00,3.05,资金流增强 RS-Pullback
2024-07-16,600989.SH,buy,100,16.4264,1642.64,5.00,1.64,资金流增强 RS-Pullback
2024-07-17,600352.SH,sell,500,8.0220,4010.98,5.00,4.01,时间止损 (持有7天不盈利)
2024-07-22,601009.SH,sell,400,9.1608,3664.33,5.00,3.66,时间止损 (持有10天不盈利)
2024-07-22,601997.SH,sell,600,4.9251,2955.04,5.00,2.96,时间止损 (持有7天不盈利)
2024-07-22,600989.SH,sell,100,16.3037,1630.37,5.00,1.63,时间止损 (持有6天不盈利)
2024-07-22,601880.SH,buy,3100,1.2312,3816.81,5.00,3.82,资金流增强 RS-Pullback
2024-07-22,002958.SZ,buy,1300,2.5125,3266.26,5.00,3.27,资金流增强 RS-Pullback
2024-07-23,601868.SH,sell,1600,2.0679,3308.69,5.00,3.31,时间止损 (持有8天不盈利)
2024-07-24,600036.SH,buy,100,30.2002,3020.02,5.00,3.02,资金流增强 RS-Pullback
2024-07-25,000001.SZ,sell,400,9.2408,3696.30,5.00,3.70,时间止损 (持有14天不盈利)
2024-07-25,000977.SZ,sell,100,36.6433,3664.33,5.00,3.66,移动止盈 (回撤>5.0%)
2024-07-29,601880.SH,sell,3100,1.2288,3809.19,5.00,3.81,时间止损 (持有7天不盈利)
2024-07-29,002958.SZ,sell,1300,2.4376,3168.83,5.00,3.17,时间止损 (持有7天不盈利)
2024-07-29,600036.SH,sell,100,29.4106,2941.06,5.00,2.94,时间止损 (持有5天不盈利)
2024-07-30,002001.SZ,sell,200,18.9810,3796.20,5.00,3.80,移动止盈 (回撤>5.0%)
2024-08-01,600009.SH,buy,100,33.6536,3365.36,5.00,3.37,资金流增强 RS-Pullback
2024-08-02,600104.SH,buy,300,14.1141,4234.23,5.00,4.23,资金流增强 RS-Pullback
2024-08-06,600905.SH,buy,900,4.6246,4162.16,5.00,4.16,资金流增强 RS-Pullback
2024-08-07,600104.SH,sell,300,13.7163,4114.88,5.00,4.11,时间止损 (持有5天不盈利)
2024-08-07,600905.SH,buy,900,4.6146,4153.15,5.00,4.15,资金流增强 RS-Pullback
2024-08-07,600299.SH,buy,300,10.5906,3177.17,5.00,3.18,资金流增强 RS-Pullback
2024-08-07,601377.SH,buy,700,5.0250,3517.51,5.00,3.52,资金流增强 RS-Pullback
2024-08-09,600009.SH,sell,100,33.3566,3335.66,5.00,3.34,时间止损 (持有8天不盈利)
2024-08-12,600905.SH,sell,900,4.6054,4144.85,5.00,4.14,时间止损 (持有5天不盈利)
2024-08-12,601377.SH,sell,700,4.9550,3468.53,5.00,3.47,时间止损 (持有5天不盈利)
2024-08-12,603259.SH,buy,100,39.7397,3973.97,5.00,3.97,资金流增强 RS-Pullback
2024-08-12,601211.SH,buy,300,13.4334,4030.03,5.00,4.03,资金流增强 RS-Pullback
2024-08-12,000563.SZ,buy,1300,2.7628,3591.59,5.00,3.59,资金流增强 RS-Pullback
2024-08-12,000750.SZ,buy,1100,2.9529,3248.24,5.00,3.25,资金流增强 RS-Pullback
2024-08-13,601939.SH,sell,900,7.0629,6356.64,5.00,6.36,目标止盈 (盈利>15.0%)
2024-08-14,600299.SH,sell,300,10.4995,3149.85,5.00,3.15,时间止损 (持有7天不盈利)
2024-08-19,603259.SH,sell,100,38.0519,3805.19,5.00,3.81,时间止损 (持有7天不盈利)
2024-08-19,600909.SH,buy,900,4.4645,4018.01,5.00,4.02,资金流增强 RS-Pullback
2024-08-19,600637.SH,buy,600,6.0460,3627.62,5.00,3.63,资金流增强 RS-Pullback
2024-08-19,601198.SH,buy,400,8.1882,3275.27,5.00,3.28,资金流增强 RS-Pullback
2024-08-20,000563.SZ,sell,1300,2.7373,3558.44,5.00,3.56,时间止损 (持有8天不盈利)
2024-08-20,000750.SZ,sell,1100,2.9371,3230.77,5.00,3.23,时间止损 (持有8天不盈利)
2024-08-21,002797.SZ,buy,700,5.1151,3580.58,5.00,3.58,资金流增强 RS-Pullback
2024-08-22,601211.SH,sell,300,13.3766,4012.98,5.00,4.01,时间止损 (持有10天不盈利)
2024-08-26,600909.SH,sell,900,4.3157,3884.11,5.00,3.88,时间止损 (持有7天不盈利)
2024-08-26,600637.SH,sell,600,5.8342,3500.50,5.00,3.50,时间止损 (持有7天不盈利)
2024-08-26,601198.SH,sell,400,7.8421,3136.86,5.00,3.14,时间止损 (持有7天不盈利)
2024-08-26,002797.SZ,sell,700,5.0549,3538.46,5.00,3.54,时间止损 (持有5天不盈利)
2024-08-26,688538.SH,buy,2600,2.0621,5361.36,5.00,5.36,资金流增强 RS-Pullback
2024-08-29,601816.SH,sell,900,5.2447,4720.27,5.00,4.72,移动止盈 (回撤>5.0%)
2024-09-05,601061.SH,buy,800,6.6166,5293.29,5.00,5.29,资金流增强 RS-Pullback
2024-09-06,688538.SH,sell,2600,2.0380,5298.70,5.00,5.30,时间止损 (持有11天不盈利)
2024-09-09,300339.SZ,buy,200,19.9199,3983.98,5.00,3.98,资金流增强 RS-Pullback
2024-09-10,601061.SH,sell,800,6.5035,5202.79,5.00,5.20,时间止损 (持有5天不盈利)
2024-09-10,688248.SH,buy,200,25.0350,5007.00,5.00,5.01,资金流增强 RS-Pullback
2024-09-11,600352.SH,buy,500,8.3684,4184.18,5.00,4.18,资金流增强 RS-Pullback
2024-09-11,600143.SH,buy,600,7.0671,4240.24,5.00,4.24,资金流增强 RS-Pullback
2024-09-18,600352.SH,sell,500,8.3017,4150.85,5.00,4.15,时间止损 (持有7天不盈利)
2024-09-18,600143.SH,sell,600,7.0030,4201.79,5.00,4.20,时间止损 (持有7天不盈利)
2024-09-18,000792.SZ,buy,300,14.6947,4408.40,5.00,4.41,资金流增强 RS-Pullback
2024-09-20,600062.SH,buy,200,20.1401,4028.02,5.00,4.03,资金流增强 RS-Pullback
2024-09-20,601965.SH,buy,200,15.8658,3173.17,5.00,3.17,资金流增强 RS-Pullback
2024-09-23,000792.SZ,sell,300,14.4655,4339.66,5.00,4.34,时间止损 (持有5天不盈利)
2024-09-23,000750.SZ,buy,1400,2.9630,4148.14,5.00,4.15,资金流增强 RS-Pullback
2024-09-23,601377.SH,buy,700,5.0550,3538.53,5.00,3.54,资金流增强 RS-Pullback
2024-09-23,000783.SZ,buy,700,4.8448,3391.39,5.00,3.39,资金流增强 RS-Pullback
2024-09-25,000750.SZ,sell,1400,3.5864,5020.97,5.00,5.02,目标止盈 (盈利>15.0%)
2024-09-26,300339.SZ,sell,200,25.8541,5170.82,5.00,5.17,目标止盈 (盈利>15.0%)
2024-09-26,000783.SZ,sell,700,5.8042,4062.93,5.00,4.06,目标止盈 (盈利>15.0%)
2024-09-27,601377.SH,sell,700,6.0140,4209.79,5.00,4.21,目标止盈 (盈利>15.0%)
2024-09-30,688248.SH,sell,200,33.7662,6753.24,5.00,6.75,目标止盈 (盈利>15.0%)
2024-09-30,600062.SH,sell,200,23.2267,4645.35,5.00,4.65,目标止盈 (盈利>15.0%)
2024-09-30,601965.SH,sell,200,18.6513,3730.27,5.00,3.73,目标止盈 (盈利>15.0%)
2024-10-22,601018.SH,buy,1800,3.4835,6270.26,5.00,6.27,资金流增强 RS-Pullback
2024-10-23,601818.SH,buy,1800,3.1732,5711.71,5.00,5.71,资金流增强 RS-Pullback
2024-10-24,600019.SH,buy,800,6.3764,5101.10,5.00,5.10,资金流增强 RS-Pullback
2024-10-24,000027.SZ,buy,700,6.5365,4575.57,5.00,4.58,资金流增强 RS-Pullback
2024-10-28,601818.SH,sell,1800,3.1269,5628.37,5.00,5.63,时间止损 (持有5天不盈利)
2024-10-28,600999.SH,buy,200,19.1892,3837.83,5.00,3.84,资金流增强 RS-Pullback
2024-10-30,600019.SH,sell,800,6.3337,5066.93,5.00,5.07,移动止盈 (回撤>5.0%)
2024-10-30,600820.SH,buy,700,6.4164,4491.49,5.00,4.49,资金流增强 RS-Pullback
2024-10-31,000027.SZ,sell,700,6.5135,4559.44,5.00,4.56,移动止盈 (回撤>5.0%)
2024-10-31,001213.SZ,buy,1200,4.1141,4936.93,5.00,4.94,资金流增强 RS-Pullback
2024-11-04,600999.SH,sell,200,19.0310,3806.19,5.00,3.81,时间止损 (持有7天不盈利)
2024-11-05,601006.SH,buy,700,6.4264,4498.49,5.00,4.50,资金流增强 RS-Pullback
2024-11-06,601006.SH,buy,600,6.3864,3831.83,5.00,3.83,资金流增强 RS-Pullback
2024-11-13,600905.SH,buy,800,4.6947,3755.75,5.00,3.76,资金流增强 RS-Pullback
2024-11-18,600905.SH,sell,800,4.6454,3716.28,5.00,3.72,时间止损 (持有5天不盈利)
2024-11-20,600887.SH,buy,100,27.2372,2723.72,5.00,2.72,资金流增强 RS-Pullback
2024-11-20,601688.SH,buy,200,17.9679,3593.59,5.00,3.59,资金流增强 RS-Pullback
2024-11-20,601009.SH,buy,300,9.8098,2942.94,5.00,2.94,资金流增强 RS-Pullback
2024-11-21,600887.SH,buy,100,27.4975,2749.75,5.00,2.75,资金流增强 RS-Pullback
2024-11-22,600820.SH,sell,700,6.2637,4384.61,5.00,4.38,移动止盈 (回撤>5.0%)
2024-11-22,601688.SH,sell,200,16.9930,3398.60,5.00,3.40,移动止盈 (回撤>5.0%)
2024-11-25,601006.SH,buy,500,6.4464,3223.22,5.00,3.22,资金流增强 RS-Pullback
2024-11-26,600887.SH,sell,100,26.8431,2684.31,5.00,2.68,时间止损 (持有5天不盈利)
2024-11-26,601298.SH,buy,400,8.2082,3283.28,5.00,3.28,资金流增强 RS-Pullback
2024-11-27,601006.SH,buy,400,6.5565,2622.62,5.00,2.62,资金流增强 RS-Pullback
2024-11-28,000937.SZ,buy,500,5.5656,2782.78,5.00,2.78,资金流增强 RS-Pullback
2024-12-02,601298.SH,sell,400,8.0419,3216.78,5.00,3.22,时间止损 (持有6天不盈利)
2024-12-02,002078.SZ,buy,200,14.2542,2850.85,5.00,2.85,资金流增强 RS-Pullback
2024-12-03,601607.SH,buy,100,20.9810,2098.10,5.00,2.10,资金流增强 RS-Pullback
2024-12-04,002773.SZ,buy,100,19.5195,1951.95,5.00,1.95,资金流增强 RS-Pullback
2024-12-05,601607.SH,buy,100,20.8608,2086.08,5.00,2.09,资金流增强 RS-Pullback
2024-12-09,002078.SZ,sell,200,13.9560,2791.21,5.00,2.79,时间止损 (持有7天不盈利)
2024-12-09,601607.SH,buy,100,21.1812,2118.12,5.00,2.12,资金流增强 RS-Pullback
2024-12-11,600028.SH,buy,300,6.2162,1864.86,5.00,1.86,资金流增强 RS-Pullback
2024-12-11,601018.SH,buy,500,3.7638,1881.88,5.00,1.88,资金流增强 RS-Pullback
2024-12-11,600098.SH,buy,200,6.2963,1259.26,5.00,1.26,资金流增强 RS-Pullback
2024-12-13,002773.SZ,sell,100,19.3706,1937.06,5.00,1.94,时间止损 (持有9天不盈利)
2024-12-16,601607.SH,sell,100,21.1288,2112.89,5.00,2.11,时间止损 (持有7天不盈利)
2024-12-16,002064.SZ,buy,200,8.3583,1671.67,5.00,1.67,资金流增强 RS-Pullback
2024-12-16,600906.SH,buy,200,7.5275,1505.50,5.00,1.51,资金流增强 RS-Pullback
2024-12-17,601018.SH,sell,500,3.7363,1868.13,5.00,1.87,时间止损 (持有6天不盈利)
2024-12-17,600028.SH,sell,300,6.2038,1861.14,5.00,1.86,时间止损 (持有6天不盈利)
2024-12-17,600176.SH,buy,100,11.2112,1121.12,5.00,1.12,资金流增强 RS-Pullback
2024-12-18,600176.SH,buy,100,11.1511,1115.11,5.00,1.12,资金流增强 RS-Pullback
2024-12-19,000937.SZ,sell,500,5.8342,2917.08,5.00,2.92,移动止盈 (回撤>5.0%)
2024-12-19,600098.SH,sell,200,6.2138,1242.76,5.00,1.24,时间止损 (持有8天不盈利)
2024-12-23,001213.SZ,sell,1200,4.0859,4903.09,5.00,4.90,移动止盈 (回撤>5.0%)
2024-12-23,002064.SZ,sell,200,8.0419,1608.39,5.00,1.61,时间止损 (持有7天不盈利)
2024-12-23,600906.SH,sell,200,7.2228,1444.55,5.00,1.44,时间止损 (持有7天不盈利)
2024-12-24,600521.SH,buy,100,18.4684,1846.84,5.00,1.85,资金流增强 RS-Pullback
2024-12-25,601816.SH,buy,400,6.0861,2434.43,5.00,2.43,资金流增强 RS-Pullback
2024-12-25,600820.SH,buy,400,6.7367,2694.69,5.00,2.69,资金流增强 RS-Pullback
2024-12-26,601006.SH,sell,400,6.5335,2613.38,5.00,2.61,时间止损 (持有29天不盈利)
2024-12-26,600176.SH,sell,100,11.0889,1108.89,5.00,1.11,时间止损 (持有8天不盈利)
2024-12-30,600521.SH,sell,100,18.2318,1823.18,5.00,1.82,时间止损 (持有6天不盈利)
2024-12-31,601816.SH,sell,400,5.9940,2397.60,5.00,2.40,时间止损 (持有6天不盈利)
