date,capital,position,price,total_value,daily_return,cummax,drawdown
2020-01-02,100000.0,0,4.15,100000.0,,100000.0,0.0
2020-01-03,100000.0,0,4.14,100000.0,0.0,100000.0,0.0
2020-01-06,100000.0,0,4.12,100000.0,0.0,100000.0,0.0
2020-01-07,100000.0,0,4.16,100000.0,0.0,100000.0,0.0
2020-01-08,100000.0,0,4.11,100000.0,0.0,100000.0,0.0
2020-01-09,100000.0,0,4.16,100000.0,0.0,100000.0,0.0
2020-01-10,100000.0,0,4.16,100000.0,0.0,100000.0,0.0
2020-01-13,100000.0,0,4.2,100000.0,0.0,100000.0,0.0
2020-01-14,100000.0,0,4.18,100000.0,0.0,100000.0,0.0
2020-01-15,100000.0,0,4.15,100000.0,0.0,100000.0,0.0
2020-01-16,100000.0,0,4.15,100000.0,0.0,100000.0,0.0
2020-01-17,100000.0,0,4.15,100000.0,0.0,100000.0,0.0
2020-01-20,100000.0,0,4.18,100000.0,0.0,100000.0,0.0
2020-01-21,100000.0,0,4.11,100000.0,0.0,100000.0,0.0
2020-01-22,100000.0,0,4.12,100000.0,0.0,100000.0,0.0
2020-01-23,100000.0,0,4.0,100000.0,0.0,100000.0,0.0
2020-02-03,100000.0,0,3.66,100000.0,0.0,100000.0,0.0
2020-02-04,100000.0,0,3.77,100000.0,0.0,100000.0,0.0
2020-02-05,100000.0,0,3.81,100000.0,0.0,100000.0,0.0
2020-02-06,100000.0,0,3.9,100000.0,0.0,100000.0,0.0
2020-02-07,100000.0,0,3.89,100000.0,0.0,100000.0,0.0
2020-02-10,100000.0,0,3.9,100000.0,0.0,100000.0,0.0
2020-02-11,100000.0,0,3.94,100000.0,0.0,100000.0,0.0
2020-02-12,100000.0,0,3.97,100000.0,0.0,100000.0,0.0
2020-02-13,100000.0,0,3.95,100000.0,0.0,100000.0,0.0
2020-02-14,100000.0,0,3.98,100000.0,0.0,100000.0,0.0
2020-02-17,100000.0,0,4.06,100000.0,0.0,100000.0,0.0
2020-02-18,100000.0,0,4.04,100000.0,0.0,100000.0,0.0
2020-02-19,100000.0,0,4.04,100000.0,0.0,100000.0,0.0
2020-02-20,100000.0,0,4.13,100000.0,0.0,100000.0,0.0
2020-02-21,100000.0,0,4.15,100000.0,0.0,100000.0,0.0
2020-02-24,100000.0,0,4.11,100000.0,0.0,100000.0,0.0
2020-02-25,-38.9996,24390,4.1,99960.0004,-0.00039999599999995805,100000.0,-0.03999959999999555
2020-02-26,-38.9996,24390,4.07,99228.3004,-0.007319927941897175,100000.0,-0.7716996000000073
2020-02-27,-38.9996,24390,4.07,99228.3004,0.0,100000.0,-0.7716996000000073
2020-02-28,-38.9996,24390,3.93,95813.7004,-0.034411553823207375,100000.0,-4.186299599999998
2020-03-02,-38.9996,24390,4.08,99472.2004,0.03818347464638783,100000.0,-0.5277995999999985
2020-03-03,-38.9996,24390,4.07,99228.3004,-0.0024519413365666765,100000.0,-0.7716996000000073
2020-03-04,-38.9996,24390,4.1,99960.0004,0.007373904390687525,100000.0,-0.03999959999999555
2020-03-05,-38.9996,24390,4.2,102399.0004,0.024399759806323473,102399.0004,0.0
2020-03-06,-38.9996,24390,4.12,100447.8004,-0.01905487350831614,102399.0004,-1.905487350831612
2020-03-09,-38.9996,24390,3.99,97277.1004,-0.03156564889797231,102399.0004,-5.00190429593296
2020-03-10,-38.9996,24390,4.08,99472.2004,0.022565434115262795,102399.0004,-2.8582310262474033
2020-03-11,-38.9996,24390,4.01,97764.9004,-0.017163589355966513,102399.0004,-4.525532458225056
2020-03-12,-38.9996,24390,3.95,96301.5004,-0.014968562275546438,102399.0004,-5.954647971348751
2020-03-13,-38.9996,24390,3.89,94838.1004,-0.015196024920916096,102399.0004,-7.38376348447246
2020-03-16,-38.9996,24390,3.73,90935.7004,-0.041148019451473505,102399.0004,-11.194738186135655
2020-03-17,89924.10076,0,3.69,89924.10076,-0.01112433989676509,102399.0004,-12.1826381031743
2020-03-18,89924.10076,0,3.63,89924.10076,0.0,102399.0004,-12.1826381031743
2020-03-19,89924.10076,0,3.6,89924.10076,0.0,102399.0004,-12.1826381031743
2020-03-20,89924.10076,0,3.64,89924.10076,0.0,102399.0004,-12.1826381031743
2020-03-23,89924.10076,0,3.53,89924.10076,0.0,102399.0004,-12.1826381031743
2020-03-24,89924.10076,0,3.61,89924.10076,0.0,102399.0004,-12.1826381031743
2020-03-25,89924.10076,0,3.71,89924.10076,0.0,102399.0004,-12.1826381031743
2020-03-26,89924.10076,0,3.68,89924.10076,0.0,102399.0004,-12.1826381031743
2020-03-27,89924.10076,0,3.7,89924.10076,0.0,102399.0004,-12.1826381031743
2020-03-30,89924.10076,0,3.67,89924.10076,0.0,102399.0004,-12.1826381031743
2020-03-31,89924.10076,0,3.67,89924.10076,0.0,102399.0004,-12.1826381031743
2020-04-01,89924.10076,0,3.67,89924.10076,0.0,102399.0004,-12.1826381031743
2020-04-02,89924.10076,0,3.72,89924.10076,0.0,102399.0004,-12.1826381031743
2020-04-03,89924.10076,0,3.7,89924.10076,0.0,102399.0004,-12.1826381031743
2020-04-07,89924.10076,0,3.78,89924.10076,0.0,102399.0004,-12.1826381031743
2020-04-08,89924.10076,0,3.77,89924.10076,0.0,102399.0004,-12.1826381031743
2020-04-09,89924.10076,0,3.78,89924.10076,0.0,102399.0004,-12.1826381031743
2020-04-10,89924.10076,0,3.76,89924.10076,0.0,102399.0004,-12.1826381031743
2020-04-13,89924.10076,0,3.74,89924.10076,0.0,102399.0004,-12.1826381031743
2020-04-14,89924.10076,0,3.81,89924.10076,0.0,102399.0004,-12.1826381031743
2020-04-15,89924.10076,0,3.78,89924.10076,0.0,102399.0004,-12.1826381031743
2020-04-16,89924.10076,0,3.79,89924.10076,0.0,102399.0004,-12.1826381031743
2020-04-17,-34.66836,23540,3.82,89888.13164,-0.00039999421396486046,102399.0004,-12.217764539818688
2020-04-20,-34.66836,23540,3.84,90358.93164,0.005237621379043933,102399.0004,-11.757994426672164
2020-04-21,-34.66836,23540,3.8,89417.33164,-0.01042066326936475,102399.0004,-12.677534652965225
2020-04-22,-34.66836,23540,3.83,90123.53164,0.007897797742871582,102399.0004,-11.987879483245427
2020-04-23,-34.66836,23540,3.82,89888.13164,-0.0026119704334301996,102399.0004,-12.217764539818688
2020-04-24,-34.66836,23540,3.79,89181.93164,-0.007856432068566344,102399.0004,-12.9074197095385
2020-04-27,-34.66836,23540,3.81,89652.73164,0.0052790962400375285,102399.0004,-12.447649596391965
2020-04-28,-34.66836,23540,3.83,90123.53164,0.005251373732710007,102399.0004,-11.987879483245427
2020-04-29,-34.66836,23540,3.85,90594.33164,0.005223940866860621,102399.0004,-11.52810937009889
2020-04-30,-34.66836,23540,3.91,92006.73164,0.01559037938060559,102399.0004,-10.148799030659292
2020-05-06,-34.66836,23540,3.92,92242.13164,0.002558508446111052,102399.0004,-9.918913974086017
2020-05-07,-34.66836,23540,3.91,92006.73164,-0.0025519791858098495,102399.0004,-10.148799030659292
2020-05-08,-34.66836,23540,3.95,92948.33164,0.010234033784443763,102399.0004,-9.22925880436622
2020-05-11,-34.66836,23540,3.95,92948.33164,0.0,102399.0004,-9.22925880436622
2020-05-12,-34.66836,23540,3.95,92948.33164,0.0,102399.0004,-9.22925880436622
2020-05-13,-34.66836,23540,3.95,92948.33164,0.0,102399.0004,-9.22925880436622
2020-05-14,-34.66836,23540,3.92,92242.13164,-0.007597769508496333,102399.0004,-9.918913974086017
2020-05-15,-34.66836,23540,3.9,91771.33164,-0.005103958371619477,102399.0004,-10.378684087232555
2020-05-18,-34.66836,23540,3.91,92006.73164,0.0025650712024472,102399.0004,-10.148799030659292
2020-05-19,-34.66836,23540,3.94,92712.93164,0.0076755253383327116,102399.0004,-9.459143860939495
2020-05-20,-34.66836,23540,3.93,92477.53164,-0.002539020132747427,102399.0004,-9.689028917512756
2020-05-21,-34.66836,23540,3.9,91771.33164,-0.007636449497258613,102399.0004,-10.378684087232555
2020-05-22,-34.66836,23540,3.82,89888.13164,-0.020520569619577933,102399.0004,-12.217764539818688
2020-05-25,-34.66836,23540,3.82,89888.13164,0.0,102399.0004,-12.217764539818688
2020-05-26,-34.66836,23540,3.86,90829.73164,0.01047524275808831,102399.0004,-11.29822431352563
2020-05-27,-34.66836,23540,3.85,90594.33164,-0.00259166239676889,102399.0004,-11.52810937009889
2020-05-28,-34.66836,23540,3.85,90594.33164,0.0,102399.0004,-11.52810937009889
2020-05-29,-34.66836,23540,3.87,91065.13164,0.005196793126868604,102399.0004,-11.068339256952353
2020-06-01,-34.66836,23540,3.97,93419.13164,0.025849630452475125,102399.0004,-8.769488691219681
2020-06-02,-34.66836,23540,3.98,93654.53164,0.00251982646239024,102399.0004,-8.539603634646422
2020-06-03,-34.66836,23540,3.98,93654.53164,0.0,102399.0004,-8.539603634646422
2020-06-04,-34.66836,23540,3.98,93654.53164,0.0,102399.0004,-8.539603634646422
2020-06-05,-34.66836,23540,4.0,94125.33164,0.0050269857929536865,102399.0004,-8.079833521499884
2020-06-08,-34.66836,23540,4.02,94596.13164,0.005001841606260271,102399.0004,-7.620063408353346
2020-06-09,-34.66836,23540,4.05,95302.33164,0.007465421553257023,102399.0004,-6.930408238633548
2020-06-10,-34.66836,23540,4.04,95066.93164,-0.002470034005980226,102399.0004,-7.160293295206824
2020-06-11,-34.66836,23540,4.0,94125.33164,-0.009904600724525814,102399.0004,-8.079833521499884
2020-06-12,-34.66836,23540,4.01,94360.73164,0.0025009208031301355,102399.0004,-7.849948464926622
2020-06-15,-34.66836,23540,3.96,93183.73164,-0.012473409007577763,102399.0004,-8.999373747792957
2020-06-16,-34.66836,23540,4.02,94596.13164,0.015157152167468269,102399.0004,-7.620063408353346
2020-06-17,-34.66836,23540,4.02,94596.13164,0.0,102399.0004,-7.620063408353346
2020-06-18,-34.66836,23540,4.05,95302.33164,0.007465421553257023,102399.0004,-6.930408238633548
2020-06-19,-34.66836,23540,4.11,96714.73164,0.014820204035880913,102399.0004,-5.551097899193951
2020-06-22,-34.66836,23540,4.11,96714.73164,0.0,102399.0004,-5.551097899193951
2020-06-23,-34.66836,23540,4.13,97185.53164,0.00486792437942607,102399.0004,-5.091327786047414
2020-06-24,-34.66836,23540,4.16,97891.73164,0.00726651372980025,102399.0004,-4.401672616327616
2020-06-29,-34.66836,23540,4.13,97185.53164,-0.007214092428123209,102399.0004,-5.091327786047414
2020-06-30,-34.66836,23540,4.18,98362.53164,0.012110856216333898,102399.0004,-3.9419025031810793
2020-07-01,-34.66836,23540,4.27,100481.13164,0.021538689221155094,102399.0004,-1.8729369940216696
2020-07-02,-34.66836,23540,4.37,102835.13164,0.02342728392464588,102835.13164,0.0
2020-07-03,-34.66836,23540,4.46,104953.73164,0.020601908766127552,104953.73164,0.0
2020-07-06,-34.66836,23540,4.78,112486.53164,0.07177257904309808,112486.53164,0.0
2020-07-07,-34.66836,23540,4.74,111544.93164,-0.008370779917132531,112486.53164,-0.8370779917132538
2020-07-08,-34.66836,23540,4.8,112957.33164,0.012662162047473169,112957.33164,0.0
2020-07-09,-34.66836,23540,4.87,114605.13164,0.014587809184901879,114605.13164,0.0
2020-07-10,-34.66836,23540,4.79,112721.93164,-0.016432073966072935,114605.13164,-1.6432073966072986
2020-07-13,-34.66836,23540,4.89,115075.93164,0.02088324752558335,115075.93164,0.0
2020-07-14,-34.66836,23540,4.84,113898.93164,-0.01022802929531863,115075.93164,-1.0228029295318595
2020-07-15,-34.66836,23540,4.78,112486.53164,-0.012400467499240175,115075.93164,-2.2501664449700858
2020-07-16,-34.66836,23540,4.56,107307.73164,-0.046039289544228645,115075.93164,-6.750499334910271
2020-07-17,-34.66836,23540,4.61,108484.73164,0.010968454761010493,115075.93164,-5.727696405378411
2020-07-20,-34.66836,23540,4.73,111309.53164,0.026038687263143512,115075.93164,-3.2729693745019452
2020-07-21,-34.66836,23540,4.74,111544.93164,0.0021148233806367323,115075.93164,-3.068408788595579
2020-07-22,-34.66836,23540,4.79,112721.93164,0.010551801706227604,115075.93164,-2.045605859063719
2020-07-23,-34.66836,23540,4.77,112251.13164,-0.004176649505116536,115075.93164,-2.4547270308764526
2020-07-24,-34.66836,23540,4.55,107072.33164,-0.0461358377803166,115075.93164,-6.9550599208166375
2020-07-27,-34.66836,23540,4.58,107778.53164,0.006595541436179797,115075.93164,-6.341378163097525
2020-07-28,-34.66836,23540,4.62,108720.13164,0.008736433737519533,115075.93164,-5.5231358194720315
2020-07-29,-34.66836,23540,4.75,111780.33164,0.02814750087070439,115075.93164,-2.863848202689199
2020-07-30,-34.66836,23540,4.71,110838.73164,-0.008423664397709252,115075.93164,-3.682090546314692
2020-07-31,-34.66836,23540,4.75,111780.33164,0.008495225324828493,115075.93164,-2.863848202689199
2020-08-03,-34.66836,23540,4.83,113663.53164,0.016847328795418504,115075.93164,-1.2273635154382263
2020-08-04,-34.66836,23540,4.83,113663.53164,0.0,115075.93164,-1.2273635154382263
2020-08-05,-34.66836,23540,4.83,113663.53164,0.0,115075.93164,-1.2273635154382263
2020-08-06,-34.66836,23540,4.81,113192.73164,-0.004142049725246455,115075.93164,-1.6364846872509726
2020-08-07,-34.66836,23540,4.77,112251.13164,-0.008318555320271592,115075.93164,-2.4547270308764526
2020-08-10,-34.66836,23540,4.78,112486.53164,0.00209708353546878,115075.93164,-2.2501664449700858
2020-08-11,-34.66836,23540,4.73,111309.53164,-0.010463474896415637,115075.93164,-3.2729693745019452
2020-08-12,-34.66836,23540,4.7,110603.33164,-0.006344470141910308,115075.93164,-3.8866511322210586
2020-08-13,-34.66836,23540,4.69,110367.93164,-0.0021283264844698113,115075.93164,-4.091211718127438
2020-08-14,-34.66836,23540,4.78,112486.53164,0.01919579327544607,115075.93164,-2.2501664449700858
2020-08-17,-34.66836,23540,4.88,114840.53164,0.020926949792831273,115075.93164,-0.20456058590636686
2020-08-18,-34.66836,23540,4.87,114605.13164,-0.0020497989397847416,115075.93164,-0.4091211718127337
2020-08-19,-34.66836,23540,4.79,112721.93164,-0.016432073966072935,115075.93164,-2.045605859063719
2020-08-20,-34.66836,23540,4.74,111544.93164,-0.010441623762791674,115075.93164,-3.068408788595579
2020-08-21,-34.66836,23540,4.78,112486.53164,0.00844144136498226,115075.93164,-2.2501664449700858
2020-08-24,-34.66836,23540,4.81,113192.73164,0.006278084937849426,115075.93164,-1.6364846872509726
2020-08-25,-34.66836,23540,4.82,113428.13164,0.002079638830067898,115075.93164,-1.4319241013445931
2020-08-26,-34.66836,23540,4.76,112015.73164,-0.012451937447781503,115075.93164,-2.6592876167828323
2020-08-27,-34.66836,23540,4.8,112957.33164,0.008405962146693424,115075.93164,-1.8410452731573397
2020-08-28,-34.66836,23540,4.92,115782.13164,0.02500767288840322,115782.13164,0.0
2020-08-31,-34.66836,23540,4.87,114605.13164,-0.010165644588921774,115782.13164,-1.016564458892182
2020-09-01,-34.66836,23540,4.91,115546.73164,0.008216036983036412,115782.13164,-0.20331289177844394
2020-09-02,-34.66836,23540,4.9,115311.33164,-0.0020372709522706867,115782.13164,-0.40662578355687534
2020-09-03,-34.66836,23540,4.88,114840.53164,-0.004082859796206595,115782.13164,-0.8132515671137507
2020-09-04,-34.66836,23540,4.83,113663.53164,-0.010248994698924263,115782.13164,-1.8298160260059328
2020-09-07,-34.66836,23540,4.73,111309.53164,-0.020710248626232164,115782.13164,-3.8629449437902967
2020-09-08,-34.66836,23540,4.76,112015.73164,0.006344470141910197,115782.13164,-3.2530062684549903
2020-09-09,-34.66836,23540,4.65,109426.33164,-0.02311639590340664,115782.13164,-5.4894480780177854
2020-09-10,-34.66836,23540,4.65,109426.33164,0.0,115782.13164,-5.4894480780177854
2020-09-11,110323.7706,0,4.69,110323.7706,0.008201307185846884,115782.13164,-4.714338009401676
2020-09-14,110323.7706,0,4.71,110323.7706,0.0,115782.13164,-4.714338009401676
2020-09-15,110323.7706,0,4.75,110323.7706,0.0,115782.13164,-4.714338009401676
2020-09-16,110323.7706,0,4.72,110323.7706,0.0,115782.13164,-4.714338009401676
2020-09-17,110323.7706,0,4.69,110323.7706,0.0,115782.13164,-4.714338009401676
2020-09-18,110323.7706,0,4.81,110323.7706,0.0,115782.13164,-4.714338009401676
2020-09-21,110323.7706,0,4.76,110323.7706,0.0,115782.13164,-4.714338009401676
2020-09-22,110323.7706,0,4.7,110323.7706,0.0,115782.13164,-4.714338009401676
2020-09-23,110323.7706,0,4.71,110323.7706,0.0,115782.13164,-4.714338009401676
2020-09-24,110323.7706,0,4.64,110323.7706,0.0,115782.13164,-4.714338009401676
2020-09-25,110323.7706,0,4.64,110323.7706,0.0,115782.13164,-4.714338009401676
2020-09-28,110323.7706,0,4.65,110323.7706,0.0,115782.13164,-4.714338009401676
2020-09-29,110323.7706,0,4.66,110323.7706,0.0,115782.13164,-4.714338009401676
2020-09-30,110323.7706,0,4.65,110323.7706,0.0,115782.13164,-4.714338009401676
2020-10-09,110323.7706,0,4.74,110323.7706,0.0,115782.13164,-4.714338009401676
2020-10-12,110323.7706,0,4.89,110323.7706,0.0,115782.13164,-4.714338009401676
2020-10-13,110323.7706,0,4.9,110323.7706,0.0,115782.13164,-4.714338009401676
2020-10-14,110323.7706,0,4.88,110323.7706,0.0,115782.13164,-4.714338009401676
2020-10-15,110323.7706,0,4.87,110323.7706,0.0,115782.13164,-4.714338009401676
2020-10-16,-43.30858,22747,4.85,110279.64142,-0.0003999970247572371,115782.13164,-4.752451990699941
2020-10-19,-43.30858,22747,4.82,109597.23142,-0.006187996181462374,115782.13164,-5.341843454075147
2020-10-20,-43.30858,22747,4.85,110279.64142,0.006226525899955204,115782.13164,-4.752451990699941
2020-10-21,-43.30858,22747,4.86,110507.11142,0.0020626653938207173,115782.13164,-4.5559881695748725
2020-10-22,-43.30858,22747,4.84,110052.17142,-0.004116839126044436,115782.13164,-4.94891581182501
2020-10-23,-43.30858,22747,4.79,108914.82142,-0.0103346438813956,115782.13164,-5.931234917450354
2020-10-26,-43.30858,22747,4.75,108004.94142,-0.008354051249749417,115782.13164,-6.717090201950615
2020-10-27,-43.30858,22747,4.76,108232.41142,0.0021061073411023923,115782.13164,-6.520626380825546
2020-10-28,-43.30858,22747,4.8,109142.29142,0.008406723901486002,115782.13164,-5.734771096325285
2020-10-29,-43.30858,22747,4.85,110279.64142,0.010420800087687976,115782.13164,-4.752451990699941
2020-10-30,-43.30858,22747,4.76,108232.41142,-0.018563988544387122,115782.13164,-6.520626380825546
2020-11-02,-43.30858,22747,4.79,108914.82142,0.006305042926114446,115782.13164,-5.931234917450354
2020-11-03,-43.30858,22747,4.84,110052.17142,0.01044256406218702,115782.13164,-4.94891581182501
2020-11-04,-43.30858,22747,4.87,110734.58142,0.00620078632883736,115782.13164,-4.359524348449804
2020-11-05,-43.30858,22747,4.95,112554.34142,0.01643352940575915,115782.13164,-2.7878137794492672
2020-11-06,-43.30858,22747,4.95,112554.34142,0.0,115782.13164,-2.7878137794492672
2020-11-09,-43.30858,22747,5.05,114829.04142,0.020209793521085873,115782.13164,-0.8231755681985928
2020-11-10,-43.30858,22747,5.02,114146.63142,-0.00594283459620637,115782.13164,-1.4125670315737864
2020-11-11,-43.30858,22747,4.97,113009.28142,-0.009963938364638603,115782.13164,-2.39488613719913
2020-11-12,-43.30858,22747,4.97,113009.28142,0.0,115782.13164,-2.39488613719913
2020-11-13,-43.30858,22747,4.92,111871.93142,-0.010064217608578896,115782.13164,-3.377205242824473
2020-11-16,-43.30858,22747,4.97,113009.28142,0.010166535837573543,115782.13164,-2.39488613719913
2020-11-17,-43.30858,22747,4.96,112781.81142,-0.0020128435217158236,115782.13164,-2.5913499583241983
2020-11-18,-43.30858,22747,4.96,112781.81142,0.0,115782.13164,-2.5913499583241983
2020-11-19,-43.30858,22747,5.0,113691.69142,0.008067612929283596,115782.13164,-1.8054946738239237
2020-11-20,-43.30858,22747,5.01,113919.16142,0.0020007618600701438,115782.13164,-1.609030852698855
2020-11-23,-43.30858,22747,5.07,115283.98142,0.011980600831216881,115782.13164,-0.4302479259484554
2020-11-24,-43.30858,22747,5.04,114601.57142,-0.005919382654853478,115782.13164,-1.0196393893236615
2020-11-25,-43.30858,22747,4.98,113236.75142,-0.011909260781408526,115782.13164,-2.198422316074061
2020-11-26,-43.30858,22747,4.99,113464.22142,0.002008800121404919,115782.13164,-2.0019584949489926
2020-11-27,-43.30858,22747,5.06,115056.51142,0.014033410533052182,115782.13164,-0.6267117470735242
2020-11-30,-43.30858,22747,5.03,114374.10142,-0.0059310854429518445,115782.13164,-1.2161032104487177
2020-12-01,-43.30858,22747,5.14,116876.27142,0.021877068050673687,116876.27142,0.0
2020-12-02,-43.30858,22747,5.13,116648.80142,-0.001946246207517821,116876.27142,-0.19462462075178438
2020-12-03,-43.30858,22747,5.13,116648.80142,0.0,116876.27142,-0.19462462075178438
2020-12-04,-43.30858,22747,5.14,116876.27142,0.0019500414683299994,116876.27142,0.0
2020-12-07,-43.30858,22747,5.1,115966.39142,-0.007784984830071395,116876.27142,-0.7784984830071375
2020-12-08,-43.30858,22747,5.08,115511.45142,-0.003923033168742207,116876.27142,-1.1677477245107064
2020-12-09,-43.30858,22747,5.02,114146.63142,-0.011815451915996644,116876.27142,-2.3354954490214004
2020-12-10,-43.30858,22747,5.01,113919.16142,-0.001992787672927765,116876.27142,-2.5301200697731843
2020-12-11,-43.30858,22747,4.95,112554.34142,-0.011980600831217103,116876.27142,-3.6978677942838907
2020-12-14,-43.30858,22747,5.0,113691.69142,0.010104896760543047,116876.27142,-2.724744690524969
2020-12-15,-43.30858,22747,5.01,113919.16142,0.0020007618600701438,116876.27142,-2.5301200697731843
2020-12-16,-43.30858,22747,5.02,114146.63142,0.0019967668052027765,116876.27142,-2.3354954490214004
2020-12-17,-43.30858,22747,5.09,115738.92142,0.01394951371049391,116876.27142,-0.9731231037589219
2020-12-18,-43.30858,22747,5.07,115283.98142,-0.0039307433870848785,116876.27142,-1.3623723452624907
2020-12-21,-43.30858,22747,5.11,116193.86142,0.007892510206471304,116876.27142,-0.5838738622553532
2020-12-22,114328.334456,0,5.03,114328.334456,-0.016055297080254327,116876.27142,-2.1800293019648826
2020-12-23,-40.824916,22549,5.07,114282.605084,-0.00039998284080311475,116876.27142,-2.219155611731962
2020-12-24,-40.824916,22549,5.07,114282.605084,0.0,116876.27142,-2.219155611731962
2020-12-25,-40.824916,22549,5.12,115410.055084,0.009865455894808361,116876.27142,-1.2545030040623772
2020-12-28,-40.824916,22549,5.13,115635.545084,0.0019538158944285566,116876.27142,-1.0615724825284703
2020-12-29,-40.824916,22549,5.11,115184.565084,-0.0039000118836504116,116876.27142,-1.4474335255962967
2020-12-30,-40.824916,22549,5.18,116762.995084,0.013703485348483202,116876.27142,-0.09691987485889794
2020-12-31,-40.824916,22549,5.29,119243.385084,0.02124294600541554,119243.385084,0.0
2021-01-04,-40.824916,22549,5.33,120145.345084,0.007564025454029455,120145.345084,0.0
2021-01-05,-40.824916,22549,5.43,122400.245084,0.01876810123957351,122400.245084,0.0
2021-01-06,-40.824916,22549,5.48,123527.695084,0.009211174366736463,123527.695084,0.0
2021-01-07,-40.824916,22549,5.6,126233.575084,0.021905047270249556,126233.575084,0.0
2021-01-08,-40.824916,22549,5.57,125557.105084,-0.005358875398639773,126233.575084,-0.5358875398639829
2021-01-11,-40.824916,22549,5.51,124204.165084,-0.010775495334133911,126233.575084,-1.6076626195919486
2021-01-12,-40.824916,22549,5.67,127812.005084,0.029047657118100645,127812.005084,0.0
2021-01-13,-40.824916,22549,5.65,127361.025084,-0.003528463540679261,127812.005084,-0.35284635406792936
2021-01-14,-40.824916,22549,5.54,124880.635084,-0.019475267244151606,127812.005084,-2.293501301441495
2021-01-15,-40.824916,22549,5.53,124655.145084,-0.0018056442445886223,127812.005084,-2.4699244784754484
2021-01-18,-40.824916,22549,5.51,124204.165084,-0.003617820986820175,127812.005084,-2.8227708325433776
2021-01-19,-40.824916,22549,5.44,122625.735084,-0.012708349989168921,127812.005084,-4.0577330717810955
2021-01-20,-40.824916,22549,5.47,123302.205084,0.0055165418542577616,127812.005084,-3.5284635406792138
2021-01-21,-40.824916,22549,5.56,125331.615084,0.01645882973964219,127812.005084,-1.9406549473735657
2021-01-22,-40.824916,22549,5.57,125557.105084,0.0017991470057165948,127812.005084,-1.7642317703396124
2021-01-25,-40.824916,22549,5.63,126910.045084,0.010775495334133911,127812.005084,-0.7056927081358472
2021-01-26,-40.824916,22549,5.51,124204.165084,-0.021321243706193815,127812.005084,-2.8227708325433776
2021-01-27,-40.824916,22549,5.52,124429.655084,0.0018154785698814013,127812.005084,-2.646347655509413
2021-01-28,-40.824916,22549,5.39,121498.285084,-0.02355845154453806,127812.005084,-4.939848956950897
2021-01-29,-40.824916,22549,5.35,120596.325084,-0.007423643875931418,127812.005084,-5.645541665086744
2021-02-01,-40.824916,22549,5.41,121949.265084,0.011218749817273777,127812.005084,-4.587002602882979
2021-02-02,-40.824916,22549,5.49,123753.185084,0.014792381067302296,127812.005084,-3.175617186611296
2021-02-03,-40.824916,22549,5.49,123753.185084,0.0,127812.005084,-3.175617186611296
2021-02-04,-40.824916,22549,5.47,123302.205084,-0.003644189033954026,127812.005084,-3.5284635406792138
2021-02-05,-40.824916,22549,5.48,123527.695084,0.0018287588599603666,127812.005084,-3.3520403636452487
2021-02-08,-40.824916,22549,5.55,125106.125084,0.012777944240978778,127812.005084,-2.1170781244075303
2021-02-09,-40.824916,22549,5.69,128262.985084,0.025233456778238406,128262.985084,0.0
2021-02-10,-40.824916,22549,5.81,130968.865084,0.021096343564964704,130968.865084,0.0
2021-02-18,-40.824916,22549,5.76,129841.415084,-0.008608534549619073,130968.865084,-0.8608534549619061
2021-02-19,-40.824916,22549,5.8,130743.375084,0.006946627926201376,130968.865084,-0.17217069099238347
2021-02-22,-40.824916,22549,5.59,126008.085084,-0.036218202237456865,130968.865084,-3.787755201832347
2021-02-23,-40.824916,22549,5.57,125557.105084,-0.00357897669581575,130968.865084,-4.1320965838171135
2021-02-24,-40.824916,22549,5.43,122400.245084,-0.025142822446312385,130968.865084,-6.542486257710427
2021-02-25,-40.824916,22549,5.48,123527.695084,0.009211174366736463,130968.865084,-5.681632802748521
2021-02-26,-40.824916,22549,5.33,120145.345084,-0.027381309087812,130968.865084,-8.264193167634216
2021-03-01,-40.824916,22549,5.42,122174.755084,0.016891291115616047,130968.865084,-6.714656948702799
2021-03-02,-40.824916,22549,5.35,120596.325084,-0.012919444765121635,130968.865084,-7.919851785649461
2021-03-03,122802.068264,0,5.45,122802.068264,0.018290301785428564,130968.865084,-6.235678086362002
2021-03-04,122802.068264,0,5.29,122802.068264,0.0,130968.865084,-6.235678086362002
2021-03-05,122802.068264,0,5.27,122802.068264,0.0,130968.865084,-6.235678086362002
2021-03-08,122802.068264,0,5.08,122802.068264,0.0,130968.865084,-6.235678086362002
2021-03-09,122802.068264,0,4.98,122802.068264,0.0,130968.865084,-6.235678086362002
2021-03-10,122802.068264,0,5.0,122802.068264,0.0,130968.865084,-6.235678086362002
2021-03-11,122802.068264,0,5.13,122802.068264,0.0,130968.865084,-6.235678086362002
2021-03-12,122802.068264,0,5.14,122802.068264,0.0,130968.865084,-6.235678086362002
2021-03-15,122802.068264,0,5.04,122802.068264,0.0,130968.865084,-6.235678086362002
2021-03-16,122802.068264,0,5.07,122802.068264,0.0,130968.865084,-6.235678086362002
2021-03-17,122802.068264,0,5.1,122802.068264,0.0,130968.865084,-6.235678086362002
2021-03-18,122802.068264,0,5.14,122802.068264,0.0,130968.865084,-6.235678086362002
2021-03-19,122802.068264,0,5.0,122802.068264,0.0,130968.865084,-6.235678086362002
2021-03-22,122802.068264,0,5.05,122802.068264,0.0,130968.865084,-6.235678086362002
2021-03-23,122802.068264,0,5.01,122802.068264,0.0,130968.865084,-6.235678086362002
2021-03-24,122802.068264,0,4.93,122802.068264,0.0,130968.865084,-6.235678086362002
2021-03-25,122802.068264,0,4.93,122802.068264,0.0,130968.865084,-6.235678086362002
2021-03-26,122802.068264,0,5.03,122802.068264,0.0,130968.865084,-6.235678086362002
2021-03-29,122802.068264,0,5.04,122802.068264,0.0,130968.865084,-6.235678086362002
2021-03-30,122802.068264,0,5.09,122802.068264,0.0,130968.865084,-6.235678086362002
2021-03-31,122802.068264,0,5.05,122802.068264,0.0,130968.865084,-6.235678086362002
2021-04-01,122802.068264,0,5.11,122802.068264,0.0,130968.865084,-6.235678086362002
2021-04-02,122802.068264,0,5.16,122802.068264,0.0,130968.865084,-6.235678086362002
2021-04-06,122802.068264,0,5.13,122802.068264,0.0,130968.865084,-6.235678086362002
2021-04-07,122802.068264,0,5.1,122802.068264,0.0,130968.865084,-6.235678086362002
2021-04-08,122802.068264,0,5.11,122802.068264,0.0,130968.865084,-6.235678086362002
2021-04-09,122802.068264,0,5.04,122802.068264,0.0,130968.865084,-6.235678086362002
2021-04-12,122802.068264,0,4.95,122802.068264,0.0,130968.865084,-6.235678086362002
2021-04-13,122802.068264,0,4.95,122802.068264,0.0,130968.865084,-6.235678086362002
2021-04-14,122802.068264,0,4.98,122802.068264,0.0,130968.865084,-6.235678086362002
2021-04-15,122802.068264,0,4.95,122802.068264,0.0,130968.865084,-6.235678086362002
2021-04-16,122802.068264,0,4.96,122802.068264,0.0,130968.865084,-6.235678086362002
2021-04-19,122802.068264,0,5.09,122802.068264,0.0,130968.865084,-6.235678086362002
2021-04-20,122802.068264,0,5.08,122802.068264,0.0,130968.865084,-6.235678086362002
2021-04-21,122802.068264,0,5.09,122802.068264,0.0,130968.865084,-6.235678086362002
2021-04-22,122802.068264,0,5.09,122802.068264,0.0,130968.865084,-6.235678086362002
2021-04-23,122802.068264,0,5.14,122802.068264,0.0,130968.865084,-6.235678086362002
2021-04-26,122802.068264,0,5.08,122802.068264,0.0,130968.865084,-6.235678086362002
2021-04-27,-48.392272,24126,5.09,122752.947728,-0.0003999976278444839,130968.865084,-6.273183592703909
2021-04-28,-48.392272,24126,5.13,123717.987728,0.007861644203757567,130968.865084,-5.536336709758833
2021-04-29,-48.392272,24126,5.17,124683.027728,0.0078003208565087245,130968.865084,-4.7994898268137485
2021-04-30,-48.392272,24126,5.13,123717.987728,-0.0077399467881488215,130968.865084,-5.536336709758833
2021-05-06,-48.392272,24126,5.06,122029.167728,-0.013650561498890101,130968.865084,-6.825818754912715
2021-05-07,-48.392272,24126,5.0,120581.607728,-0.011862409839806243,130968.865084,-7.9310890793303335
2021-05-10,-48.392272,24126,5.0,120581.607728,0.0,130968.865084,-7.9310890793303335
2021-05-11,-48.392272,24126,5.03,121305.387728,0.006002407942948151,130968.865084,-7.378453917121525
2021-05-12,-48.392272,24126,5.06,122029.167728,0.00596659401166022,130968.865084,-6.825818754912715
2021-05-13,-48.392272,24126,5.0,120581.607728,-0.011862409839806243,130968.865084,-7.9310890793303335
2021-05-14,-48.392272,24126,5.13,123717.987728,0.02601043441944162,130968.865084,-5.536336709758833
2021-05-17,-48.392272,24126,5.19,125165.547728,0.011700481284762976,130968.865084,-4.431066385341206
2021-05-18,-48.392272,24126,5.19,125165.547728,0.0,130968.865084,-4.431066385341206
2021-05-19,-48.392272,24126,5.18,124924.287728,-0.0019275272179872793,130968.865084,-4.615278106077483
2021-05-20,-48.392272,24126,5.19,125165.547728,0.00193124975445369,130968.865084,-4.431066385341206
2021-05-21,-48.392272,24126,5.14,123959.247728,-0.009637636089936175,130968.865084,-5.352124989022557
2021-05-24,-48.392272,24126,5.16,124441.767728,0.0038925696052849457,130968.865084,-4.983701547550014
2021-05-25,-48.392272,24126,5.33,128543.187728,0.03295854820195676,130968.865084,-1.8521022950334296
2021-05-26,-48.392272,24126,5.33,128543.187728,0.0,130968.865084,-1.8521022950334296
2021-05-27,-48.392272,24126,5.35,129025.707728,0.0037537578500155266,130968.865084,-1.483678853560898
2021-05-28,-48.392272,24126,5.33,128543.187728,-0.0037397198472818305,130968.865084,-1.8521022950334296
2021-05-31,-48.392272,24126,5.34,128784.447728,0.0018768789250076523,130968.865084,-1.667890574297164
2021-06-01,-48.392272,24126,5.35,129025.707728,0.0018733628497560328,130968.865084,-1.483678853560898
2021-06-02,-48.392272,24126,5.3,127819.407728,-0.009349299618204743,130968.865084,-2.404737457242238
2021-06-03,-48.392272,24126,5.26,126854.367728,-0.007550027160614148,130968.865084,-3.1415843401873236
2021-06-04,-48.392272,24126,5.3,127819.407728,0.007607463718310781,130968.865084,-2.404737457242238
2021-06-07,-48.392272,24126,5.29,127578.147728,-0.0018875067901535925,130968.865084,-2.588949177978515
2021-06-08,-48.392272,24126,5.25,126613.107728,-0.007564304837357261,130968.865084,-3.325796060923589
2021-06-09,-48.392272,24126,5.26,126854.367728,0.0019054899159278715,130968.865084,-3.1415843401873236
2021-06-10,-48.392272,24126,5.29,127578.147728,0.00570559778873303,130968.865084,-2.588949177978515
2021-06-11,-48.392272,24126,5.24,126371.847728,-0.009455381046696743,130968.865084,-3.5100077816598656
2021-06-15,-48.392272,24126,5.18,124924.287728,-0.011454766437503539,130968.865084,-4.615278106077483
2021-06-16,-48.392272,24126,5.11,123235.467728,-0.013518748281175608,130968.865084,-5.904760151231366
2021-06-17,-48.392272,24126,5.12,123476.727728,0.0019577156191146194,130968.865084,-5.7205484304951
2021-06-18,-48.392272,24126,5.13,123717.987728,0.001953890457248475,130968.865084,-5.536336709758833
2021-06-21,123427.31768,0,5.12,123427.31768,-0.0023494566419803853,130968.865084,-5.758274990901891
2021-06-22,123427.31768,0,5.15,123427.31768,0.0,130968.865084,-5.758274990901891
2021-06-23,123427.31768,0,5.18,123427.31768,0.0,130968.865084,-5.758274990901891
2021-06-24,123427.31768,0,5.19,123427.31768,0.0,130968.865084,-5.758274990901891
2021-06-25,123427.31768,0,5.27,123427.31768,0.0,130968.865084,-5.758274990901891
2021-06-28,123427.31768,0,5.28,123427.31768,0.0,130968.865084,-5.758274990901891
2021-06-29,123427.31768,0,5.23,123427.31768,0.0,130968.865084,-5.758274990901891
2021-06-30,123427.31768,0,5.26,123427.31768,0.0,130968.865084,-5.758274990901891
2021-07-01,123427.31768,0,5.25,123427.31768,0.0,130968.865084,-5.758274990901891
2021-07-02,123427.31768,0,5.11,123427.31768,0.0,130968.865084,-5.758274990901891
2021-07-05,123427.31768,0,5.12,123427.31768,0.0,130968.865084,-5.758274990901891
2021-07-06,123427.31768,0,5.13,123427.31768,0.0,130968.865084,-5.758274990901891
2021-07-07,123427.31768,0,5.18,123427.31768,0.0,130968.865084,-5.758274990901891
2021-07-08,123427.31768,0,5.14,123427.31768,0.0,130968.865084,-5.758274990901891
2021-07-09,123427.31768,0,5.11,123427.31768,0.0,130968.865084,-5.758274990901891
2021-07-12,123427.31768,0,5.18,123427.31768,0.0,130968.865084,-5.758274990901891
2021-07-13,123427.31768,0,5.2,123427.31768,0.0,130968.865084,-5.758274990901891
2021-07-14,123427.31768,0,5.14,123427.31768,0.0,130968.865084,-5.758274990901891
2021-07-15,123427.31768,0,5.21,123427.31768,0.0,130968.865084,-5.758274990901891
2021-07-16,123427.31768,0,5.16,123427.31768,0.0,130968.865084,-5.758274990901891
2021-07-19,123427.31768,0,5.18,123427.31768,0.0,130968.865084,-5.758274990901891
2021-07-20,123427.31768,0,5.17,123427.31768,0.0,130968.865084,-5.758274990901891
2021-07-21,123427.31768,0,5.2,123427.31768,0.0,130968.865084,-5.758274990901891
2021-07-22,123427.31768,0,5.21,123427.31768,0.0,130968.865084,-5.758274990901891
2021-07-23,-49.2532,23920,5.16,123377.9468,-0.00039999961862569045,130968.865084,-5.795971644964155
2021-07-26,119024.69816,0,4.98,119024.69816,-0.035283847339887875,130968.865084,-9.119852200245706
2021-07-27,119024.69816,0,4.81,119024.69816,0.0,130968.865084,-9.119852200245706
2021-07-28,119024.69816,0,4.82,119024.69816,0.0,130968.865084,-9.119852200245706
2021-07-29,119024.69816,0,4.91,119024.69816,0.0,130968.865084,-9.119852200245706
2021-07-30,119024.69816,0,4.87,119024.69816,0.0,130968.865084,-9.119852200245706
2021-08-02,119024.69816,0,4.99,119024.69816,0.0,130968.865084,-9.119852200245706
2021-08-03,119024.69816,0,5.0,119024.69816,0.0,130968.865084,-9.119852200245706
2021-08-04,119024.69816,0,5.04,119024.69816,0.0,130968.865084,-9.119852200245706
2021-08-05,119024.69816,0,5.01,119024.69816,0.0,130968.865084,-9.119852200245706
2021-08-06,119024.69816,0,4.99,119024.69816,0.0,130968.865084,-9.119852200245706
2021-08-09,119024.69816,0,5.05,119024.69816,0.0,130968.865084,-9.119852200245706
2021-08-10,119024.69816,0,5.11,119024.69816,0.0,130968.865084,-9.119852200245706
2021-08-11,119024.69816,0,5.08,119024.69816,0.0,130968.865084,-9.119852200245706
2021-08-12,119024.69816,0,5.05,119024.69816,0.0,130968.865084,-9.119852200245706
2021-08-13,119024.69816,0,5.02,119024.69816,0.0,130968.865084,-9.119852200245706
2021-08-16,119024.69816,0,5.02,119024.69816,0.0,130968.865084,-9.119852200245706
2021-08-17,119024.69816,0,4.9,119024.69816,0.0,130968.865084,-9.119852200245706
2021-08-18,119024.69816,0,4.96,119024.69816,0.0,130968.865084,-9.119852200245706
2021-08-19,119024.69816,0,4.92,119024.69816,0.0,130968.865084,-9.119852200245706
2021-08-20,119024.69816,0,4.83,119024.69816,0.0,130968.865084,-9.119852200245706
2021-08-23,119024.69816,0,4.91,119024.69816,0.0,130968.865084,-9.119852200245706
2021-08-24,119024.69816,0,4.96,119024.69816,0.0,130968.865084,-9.119852200245706
2021-08-25,119024.69816,0,4.97,119024.69816,0.0,130968.865084,-9.119852200245706
2021-08-26,119024.69816,0,4.89,119024.69816,0.0,130968.865084,-9.119852200245706
2021-08-27,119024.69816,0,4.9,119024.69816,0.0,130968.865084,-9.119852200245706
2021-08-30,119024.69816,0,4.88,119024.69816,0.0,130968.865084,-9.119852200245706
2021-08-31,119024.69816,0,4.88,119024.69816,0.0,130968.865084,-9.119852200245706
2021-09-01,119024.69816,0,4.95,119024.69816,0.0,130968.865084,-9.119852200245706
2021-09-02,119024.69816,0,4.95,119024.69816,0.0,130968.865084,-9.119852200245706
2021-09-03,119024.69816,0,4.92,119024.69816,0.0,130968.865084,-9.119852200245706
2021-09-06,119024.69816,0,5.0,119024.69816,0.0,130968.865084,-9.119852200245706
2021-09-07,119024.69816,0,5.07,119024.69816,0.0,130968.865084,-9.119852200245706
2021-09-08,119024.69816,0,5.04,119024.69816,0.0,130968.865084,-9.119852200245706
2021-09-09,119024.69816,0,5.04,119024.69816,0.0,130968.865084,-9.119852200245706
2021-09-10,-47.471664,23384,5.09,118977.088336,-0.0003999995356930297,130968.865084,-9.156204217169318
2021-09-13,-47.471664,23384,5.06,118275.568336,-0.005896261287037574,130968.865084,-9.69184297341117
2021-09-14,-47.471664,23384,5.0,116872.528336,-0.011862466777705083,130968.865084,-10.763120485894857
2021-09-15,-47.471664,23384,4.95,115703.328336,-0.010004061832551758,130968.865084,-11.655851746297934
2021-09-16,-47.471664,23384,4.89,114300.288336,-0.012126185306662984,130968.865084,-12.727129258781634
2021-09-17,-47.471664,23384,4.93,115235.648336,0.008183356434328326,130968.865084,-12.01294425045917
2021-09-22,-47.471664,23384,4.9,114534.128336,-0.006087699510784472,130968.865084,-12.54858300670102
2021-09-23,-47.471664,23384,4.92,115001.808336,0.0040833243924291995,130968.865084,-12.191490502539782
2021-09-24,-47.471664,23384,4.93,115235.648336,0.0020333593304620035,130968.865084,-12.01294425045917
2021-09-27,-47.471664,23384,4.96,115937.168336,0.006087699510784583,130968.865084,-11.47730549421732
2021-09-28,115657.028016,0,4.95,115657.028016,-0.0024163115592760187,130968.865084,-11.691203904209903
2021-09-29,115657.028016,0,4.92,115657.028016,0.0,130968.865084,-11.691203904209903
2021-09-30,115657.028016,0,4.94,115657.028016,0.0,130968.865084,-11.691203904209903
2021-10-08,115657.028016,0,5.01,115657.028016,0.0,130968.865084,-11.691203904209903
2021-10-11,115657.028016,0,5.01,115657.028016,0.0,130968.865084,-11.691203904209903
2021-10-12,115657.028016,0,4.95,115657.028016,0.0,130968.865084,-11.691203904209903
2021-10-13,115657.028016,0,5.01,115657.028016,0.0,130968.865084,-11.691203904209903
2021-10-14,-44.754192,23224,4.98,115610.765808,-0.00039999478452446,130968.865084,-11.726526962075853
2021-10-15,-44.754192,23224,5.01,116307.485808,0.00602642837914491,130968.865084,-11.194553199034427
2021-10-18,-44.754192,23224,4.95,114914.045808,-0.011980656191814543,130968.865084,-12.258500725117278
2021-10-19,-44.754192,23224,5.0,116075.245808,0.010104944019986517,130968.865084,-11.371877786714895
2021-10-20,-44.754192,23224,4.98,115610.765808,-0.004001542247589196,130968.865084,-11.726526962075853
2021-10-21,-44.754192,23224,5.0,116075.245808,0.004017618919430088,130968.865084,-11.371877786714895
2021-10-22,-44.754192,23224,5.04,117004.205808,0.00800308449517817,130968.865084,-10.662579435993004
2021-10-25,-44.754192,23224,5.05,117236.445808,0.0019848859141107233,130968.865084,-10.485254848312525
2021-10-26,-44.754192,23224,5.04,117004.205808,-0.001980953946525754,130968.865084,-10.662579435993004
2021-10-27,-44.754192,23224,4.97,115378.525808,-0.013894201398774286,130968.865084,-11.90385154975632
2021-10-28,-44.754192,23224,4.95,114914.045808,-0.004025705795313694,130968.865084,-12.258500725117278
2021-10-29,-44.754192,23224,4.98,115610.765808,0.006062966411991777,130968.865084,-11.726526962075853
2021-11-01,-44.754192,23224,4.97,115378.525808,-0.002008809459714822,130968.865084,-11.90385154975632
2021-11-02,-44.754192,23224,4.91,113985.085808,-0.012077117385940639,130968.865084,-12.96779907583917
2021-11-03,-44.754192,23224,4.89,113520.605808,-0.004074919071275662,130968.865084,-13.322448251200125
2021-11-04,-44.754192,23224,4.94,114681.805808,0.010228979943641026,130968.865084,-12.435825312797745
2021-11-05,114171.620976,0,4.92,114171.620976,-0.004448698975442977,130968.865084,-12.82537196701421
2021-11-08,114171.620976,0,4.92,114171.620976,0.0,130968.865084,-12.82537196701421
2021-11-09,114171.620976,0,4.92,114171.620976,0.0,130968.865084,-12.82537196701421
2021-11-10,114171.620976,0,4.89,114171.620976,0.0,130968.865084,-12.82537196701421
2021-11-11,114171.620976,0,4.97,114171.620976,0.0,130968.865084,-12.82537196701421
2021-11-12,114171.620976,0,4.97,114171.620976,0.0,130968.865084,-12.82537196701421
2021-11-15,114171.620976,0,4.96,114171.620976,0.0,130968.865084,-12.82537196701421
2021-11-16,114171.620976,0,4.96,114171.620976,0.0,130968.865084,-12.82537196701421
2021-11-17,114171.620976,0,4.96,114171.620976,0.0,130968.865084,-12.82537196701421
2021-11-18,114171.620976,0,4.92,114171.620976,0.0,130968.865084,-12.82537196701421
2021-11-19,114171.620976,0,4.97,114171.620976,0.0,130968.865084,-12.82537196701421
2021-11-22,114171.620976,0,4.98,114171.620976,0.0,130968.865084,-12.82537196701421
2021-11-23,114171.620976,0,4.99,114171.620976,0.0,130968.865084,-12.82537196701421
2021-11-24,-44.047024,22834,5.0,114125.952976,-0.0003999943209145318,130968.865084,-12.860241323155241
2021-11-25,-44.047024,22834,4.98,113669.272976,-0.004001543803941243,130968.865084,-13.208934884565506
2021-11-26,-44.047024,22834,4.94,112755.912976,-0.008035240976625557,130968.865084,-13.906322007386022
2021-11-29,112482.544328,0,4.93,112482.544328,-0.002424428491463626,130968.865084,-14.115049973246204
2021-11-30,112482.544328,0,4.91,112482.544328,0.0,130968.865084,-14.115049973246204
2021-12-01,112482.544328,0,4.92,112482.544328,0.0,130968.865084,-14.115049973246204
2021-12-02,112482.544328,0,4.93,112482.544328,0.0,130968.865084,-14.115049973246204
2021-12-03,-40.726984,22586,4.98,112437.553016,-0.00039998483559189335,130968.865084,-14.149402650862477
2021-12-06,-40.726984,22586,4.97,112211.693016,-0.002008759475296107,130968.865084,-14.321855851747392
2021-12-07,-40.726984,22586,5.0,112889.273016,0.006038408135446094,130968.865084,-13.804496249092654
2021-12-08,-40.726984,22586,5.07,114470.293016,0.014005050770199423,130968.865084,-12.597323842898275
2021-12-09,-40.726984,22586,5.16,116503.033016,0.017757795026486667,130968.865084,-11.045245034934064
2021-12-10,-40.726984,22586,5.14,116051.313016,-0.003877323948621725,130968.865084,-11.39015143670389
2021-12-13,-40.726984,22586,5.16,116503.033016,0.00389241610681057,130968.865084,-11.045245034934064
2021-12-14,-40.726984,22586,5.13,115825.453016,-0.005815985922932532,130968.865084,-11.562604637588802
2021-12-15,-40.726984,22586,5.08,114696.153016,-0.009750015826348712,130968.865084,-12.424870642013364
2021-12-16,-40.726984,22586,5.11,115373.733016,0.005907608774859963,130968.865084,-11.907511039358626
2021-12-17,-40.726984,22586,5.03,113566.853016,-0.01566110372583185,130968.865084,-13.287136646437927
2021-12-20,-40.726984,22586,4.96,111985.833016,-0.013921491685406129,130968.865084,-14.494309052632303
2021-12-21,-40.726984,22586,4.98,112437.553016,0.004033724515273729,130968.865084,-14.149402650862477
2021-12-22,-40.726984,22586,4.98,112437.553016,0.0,130968.865084,-14.149402650862477
2021-12-23,-40.726984,22586,5.02,113340.993016,0.008035037901184428,130968.865084,-13.459589847322839
2021-12-24,-40.726984,22586,5.0,112889.273016,-0.0039854953444444785,130968.865084,-13.804496249092654
2021-12-27,-40.726984,22586,5.0,112889.273016,0.0,130968.865084,-13.804496249092654
2021-12-28,-40.726984,22586,5.03,113566.853016,0.006002164615799721,130968.865084,-13.287136646437927
2021-12-29,111941.022392,0,4.96,111941.022392,-0.014316066535461136,130968.865084,-14.528523767687872
2021-12-30,111941.022392,0,5.0,111941.022392,0.0,130968.865084,-14.528523767687872
2021-12-31,111941.022392,0,5.01,111941.022392,0.0,130968.865084,-14.528523767687872
2022-01-04,111941.022392,0,4.99,111941.022392,0.0,130968.865084,-14.528523767687872
2022-01-05,111941.022392,0,4.94,111941.022392,0.0,130968.865084,-14.528523767687872
2022-01-06,111941.022392,0,4.89,111941.022392,0.0,130968.865084,-14.528523767687872
2022-01-07,111941.022392,0,4.9,111941.022392,0.0,130968.865084,-14.528523767687872
2022-01-10,111941.022392,0,4.91,111941.022392,0.0,130968.865084,-14.528523767687872
2022-01-11,111941.022392,0,4.87,111941.022392,0.0,130968.865084,-14.528523767687872
2022-01-12,111941.022392,0,4.92,111941.022392,0.0,130968.865084,-14.528523767687872
2022-01-13,111941.022392,0,4.84,111941.022392,0.0,130968.865084,-14.528523767687872
2022-01-14,111941.022392,0,4.79,111941.022392,0.0,130968.865084,-14.528523767687872
2022-01-17,111941.022392,0,4.84,111941.022392,0.0,130968.865084,-14.528523767687872
2022-01-18,111941.022392,0,4.88,111941.022392,0.0,130968.865084,-14.528523767687872
2022-01-19,111941.022392,0,4.78,111941.022392,0.0,130968.865084,-14.528523767687872
2022-01-20,111941.022392,0,4.82,111941.022392,0.0,130968.865084,-14.528523767687872
2022-01-21,111941.022392,0,4.78,111941.022392,0.0,130968.865084,-14.528523767687872
2022-01-24,111941.022392,0,4.79,111941.022392,0.0,130968.865084,-14.528523767687872
2022-01-25,111941.022392,0,4.68,111941.022392,0.0,130968.865084,-14.528523767687872
2022-01-26,111941.022392,0,4.71,111941.022392,0.0,130968.865084,-14.528523767687872
2022-01-27,111941.022392,0,4.63,111941.022392,0.0,130968.865084,-14.528523767687872
2022-01-28,111941.022392,0,4.55,111941.022392,0.0,130968.865084,-14.528523767687872
2022-02-07,111941.022392,0,4.63,111941.022392,0.0,130968.865084,-14.528523767687872
2022-02-08,111941.022392,0,4.6,111941.022392,0.0,130968.865084,-14.528523767687872
2022-02-09,111941.022392,0,4.64,111941.022392,0.0,130968.865084,-14.528523767687872
2022-02-10,111941.022392,0,4.63,111941.022392,0.0,130968.865084,-14.528523767687872
2022-02-11,111941.022392,0,4.6,111941.022392,0.0,130968.865084,-14.528523767687872
2022-02-14,111941.022392,0,4.55,111941.022392,0.0,130968.865084,-14.528523767687872
2022-02-15,111941.022392,0,4.59,111941.022392,0.0,130968.865084,-14.528523767687872
2022-02-16,111941.022392,0,4.61,111941.022392,0.0,130968.865084,-14.528523767687872
2022-02-17,111941.022392,0,4.62,111941.022392,0.0,130968.865084,-14.528523767687872
2022-02-18,111941.022392,0,4.64,111941.022392,0.0,130968.865084,-14.528523767687872
2022-02-21,111941.022392,0,4.63,111941.022392,0.0,130968.865084,-14.528523767687872
2022-02-22,111941.022392,0,4.57,111941.022392,0.0,130968.865084,-14.528523767687872
2022-02-23,111941.022392,0,4.62,111941.022392,0.0,130968.865084,-14.528523767687872
2022-02-24,111941.022392,0,4.53,111941.022392,0.0,130968.865084,-14.528523767687872
2022-02-25,111941.022392,0,4.57,111941.022392,0.0,130968.865084,-14.528523767687872
2022-02-28,111941.022392,0,4.57,111941.022392,0.0,130968.865084,-14.528523767687872
2022-03-01,111941.022392,0,4.61,111941.022392,0.0,130968.865084,-14.528523767687872
2022-03-02,111941.022392,0,4.57,111941.022392,0.0,130968.865084,-14.528523767687872
2022-03-03,111941.022392,0,4.55,111941.022392,0.0,130968.865084,-14.528523767687872
2022-03-04,111941.022392,0,4.49,111941.022392,0.0,130968.865084,-14.528523767687872
2022-03-07,111941.022392,0,4.35,111941.022392,0.0,130968.865084,-14.528523767687872
2022-03-08,111941.022392,0,4.26,111941.022392,0.0,130968.865084,-14.528523767687872
2022-03-09,111941.022392,0,4.22,111941.022392,0.0,130968.865084,-14.528523767687872
2022-03-10,111941.022392,0,4.28,111941.022392,0.0,130968.865084,-14.528523767687872
2022-03-11,111941.022392,0,4.31,111941.022392,0.0,130968.865084,-14.528523767687872
2022-03-14,111941.022392,0,4.17,111941.022392,0.0,130968.865084,-14.528523767687872
2022-03-15,111941.022392,0,3.97,111941.022392,0.0,130968.865084,-14.528523767687872
2022-03-16,111941.022392,0,4.15,111941.022392,0.0,130968.865084,-14.528523767687872
2022-03-17,111941.022392,0,4.23,111941.022392,0.0,130968.865084,-14.528523767687872
2022-03-18,111941.022392,0,4.26,111941.022392,0.0,130968.865084,-14.528523767687872
2022-03-21,111941.022392,0,4.25,111941.022392,0.0,130968.865084,-14.528523767687872
2022-03-22,111941.022392,0,4.25,111941.022392,0.0,130968.865084,-14.528523767687872
2022-03-23,111941.022392,0,4.27,111941.022392,0.0,130968.865084,-14.528523767687872
2022-03-24,111941.022392,0,4.25,111941.022392,0.0,130968.865084,-14.528523767687872
2022-03-25,111941.022392,0,4.17,111941.022392,0.0,130968.865084,-14.528523767687872
2022-03-28,111941.022392,0,4.14,111941.022392,0.0,130968.865084,-14.528523767687872
2022-03-29,111941.022392,0,4.13,111941.022392,0.0,130968.865084,-14.528523767687872
2022-03-30,111941.022392,0,4.25,111941.022392,0.0,130968.865084,-14.528523767687872
2022-03-31,111941.022392,0,4.22,111941.022392,0.0,130968.865084,-14.528523767687872
2022-04-01,111941.022392,0,4.27,111941.022392,0.0,130968.865084,-14.528523767687872
2022-04-06,111941.022392,0,4.26,111941.022392,0.0,130968.865084,-14.528523767687872
2022-04-07,111941.022392,0,4.21,111941.022392,0.0,130968.865084,-14.528523767687872
2022-04-08,111941.022392,0,4.23,111941.022392,0.0,130968.865084,-14.528523767687872
2022-04-11,111941.022392,0,4.1,111941.022392,0.0,130968.865084,-14.528523767687872
2022-04-12,111941.022392,0,4.17,111941.022392,0.0,130968.865084,-14.528523767687872
2022-04-13,111941.022392,0,4.14,111941.022392,0.0,130968.865084,-14.528523767687872
2022-04-14,111941.022392,0,4.18,111941.022392,0.0,130968.865084,-14.528523767687872
2022-04-15,111941.022392,0,4.18,111941.022392,0.0,130968.865084,-14.528523767687872
2022-04-18,111941.022392,0,4.16,111941.022392,0.0,130968.865084,-14.528523767687872
2022-04-19,111941.022392,0,4.13,111941.022392,0.0,130968.865084,-14.528523767687872
2022-04-20,111941.022392,0,4.06,111941.022392,0.0,130968.865084,-14.528523767687872
2022-04-21,111941.022392,0,4.0,111941.022392,0.0,130968.865084,-14.528523767687872
2022-04-22,111941.022392,0,4.01,111941.022392,0.0,130968.865084,-14.528523767687872
2022-04-25,111941.022392,0,3.81,111941.022392,0.0,130968.865084,-14.528523767687872
2022-04-26,111941.022392,0,3.78,111941.022392,0.0,130968.865084,-14.528523767687872
2022-04-27,111941.022392,0,3.89,111941.022392,0.0,130968.865084,-14.528523767687872
2022-04-28,111941.022392,0,3.92,111941.022392,0.0,130968.865084,-14.528523767687872
2022-04-29,111941.022392,0,4.02,111941.022392,0.0,130968.865084,-14.528523767687872
2022-05-05,111941.022392,0,4.0,111941.022392,0.0,130968.865084,-14.528523767687872
2022-05-06,111941.022392,0,3.9,111941.022392,0.0,130968.865084,-14.528523767687872
2022-05-09,111941.022392,0,3.87,111941.022392,0.0,130968.865084,-14.528523767687872
2022-05-10,111941.022392,0,3.92,111941.022392,0.0,130968.865084,-14.528523767687872
2022-05-11,111941.022392,0,3.97,111941.022392,0.0,130968.865084,-14.528523767687872
2022-05-12,111941.022392,0,3.95,111941.022392,0.0,130968.865084,-14.528523767687872
2022-05-13,111941.022392,0,3.98,111941.022392,0.0,130968.865084,-14.528523767687872
2022-05-16,111941.022392,0,3.95,111941.022392,0.0,130968.865084,-14.528523767687872
2022-05-17,111941.022392,0,4.0,111941.022392,0.0,130968.865084,-14.528523767687872
2022-05-18,111941.022392,0,3.99,111941.022392,0.0,130968.865084,-14.528523767687872
2022-05-19,111941.022392,0,4.0,111941.022392,0.0,130968.865084,-14.528523767687872
2022-05-20,111941.022392,0,4.08,111941.022392,0.0,130968.865084,-14.528523767687872
2022-05-23,111941.022392,0,4.05,111941.022392,0.0,130968.865084,-14.528523767687872
2022-05-24,111941.022392,0,3.97,111941.022392,0.0,130968.865084,-14.528523767687872
2022-05-25,111941.022392,0,3.98,111941.022392,0.0,130968.865084,-14.528523767687872
2022-05-26,111941.022392,0,3.99,111941.022392,0.0,130968.865084,-14.528523767687872
2022-05-27,-43.753608,27985,4.0,111896.246392,-0.0003999963466762013,130968.865084,-14.562712045925819
2022-05-30,-43.753608,27985,4.03,112735.796392,0.007502932645826688,130968.865084,-13.921681828964303
2022-05-31,-43.753608,27985,4.09,114414.896392,0.014894115744403802,130968.865084,-12.639621395041278
2022-06-01,-43.753608,27985,4.08,114135.046392,-0.002445922767269626,130968.865084,-12.853298134028442
2022-06-02,-43.753608,27985,4.09,114414.896392,0.0024519199741579456,130968.865084,-12.639621395041278
2022-06-06,-43.753608,27985,4.18,116933.546392,0.022013304905427633,130968.865084,-10.716530744156723
2022-06-07,-43.753608,27985,4.18,116933.546392,0.0,130968.865084,-10.716530744156723
2022-06-08,-43.753608,27985,4.22,118052.946392,0.009572958612299232,130968.865084,-9.86182378820804
2022-06-09,-43.753608,27985,4.19,117213.396392,-0.00711163952835403,130968.865084,-10.502854005169558
2022-06-10,-43.753608,27985,4.25,118892.496392,0.014325154390924189,130968.865084,-9.22079357124652
2022-06-13,-43.753608,27985,4.2,117493.246392,-0.011769035409825546,130968.865084,-10.289177266182383
2022-06-14,-43.753608,27985,4.24,118612.646392,0.009527356119391595,130968.865084,-9.4344703102337
2022-06-15,-43.753608,27985,4.29,120011.896392,0.011796802807819029,130968.865084,-8.366086615297839
2022-06-16,-43.753608,27985,4.26,119172.346392,-0.006995556484314935,130968.865084,-9.007116832259346
2022-06-17,-43.753608,27985,4.32,120851.446392,0.014089678107678028,130968.865084,-7.725056398336322
2022-06-20,-43.753608,27985,4.34,121411.146392,0.00463130576182369,130968.865084,-7.29770292036198
2022-06-21,-43.753608,27985,4.34,121411.146392,0.0,130968.865084,-7.29770292036198
2022-06-22,-43.753608,27985,4.29,120011.896392,-0.011524889119177262,130968.865084,-8.366086615297839
2022-06-23,-43.753608,27985,4.37,122250.696392,0.018654817291506864,130968.865084,-6.656672703400461
2022-06-24,-43.753608,27985,4.41,123370.096392,0.00915659405661473,130968.865084,-5.801965747451768
2022-06-27,-43.753608,27985,4.46,124769.346392,0.011341889492847423,130968.865084,-4.733582052515908
2022-06-28,-43.753608,27985,4.51,126168.596392,0.011214693676472764,130968.865084,-3.6651983575800484
2022-06-29,-43.753608,27985,4.46,124769.346392,-0.011090319144492988,130968.865084,-4.733582052515908
2022-06-30,-43.753608,27985,4.51,126168.596392,0.011214693676472764,130968.865084,-3.6651983575800484
2022-07-01,-43.753608,27985,4.49,125608.896392,-0.0044361276577972175,130968.865084,-4.092551835554401
2022-07-04,-43.753608,27985,4.52,126448.446392,0.006683841862442197,130968.865084,-3.4515216185928836
2022-07-05,-43.753608,27985,4.51,126168.596392,-0.0022131549100448122,130968.865084,-3.6651983575800484
2022-07-06,-43.753608,27985,4.45,124489.496392,-0.013308382973391542,130968.865084,-4.947258791503084
2022-07-07,-43.753608,27985,4.47,125049.196392,0.004495961637097423,130968.865084,-4.519905313528743
2022-07-08,-43.753608,27985,4.46,124769.346392,-0.0022379192195903785,130968.865084,-4.733582052515908
2022-07-11,-43.753608,27985,4.39,122810.396392,-0.015700571147061915,130968.865084,-6.22931922542612
2022-07-12,-43.753608,27985,4.35,121690.996392,-0.009114863504120385,130968.865084,-7.084026181374803
2022-07-13,-43.753608,27985,4.36,121970.846392,0.002299677119073973,130968.865084,-6.870349442387627
2022-07-14,-43.753608,27985,4.36,121970.846392,0.0,130968.865084,-6.870349442387627
2022-07-15,-43.753608,27985,4.3,120291.746392,-0.013766404429166434,130968.865084,-8.152409876310662
2022-07-18,-43.753608,27985,4.34,121411.146392,0.009305709107856552,130968.865084,-7.29770292036198
2022-07-19,-43.753608,27985,4.32,120851.446392,-0.00460995564767086,130968.865084,-7.725056398336322
2022-07-20,121082.826372,0,4.33,121082.826372,0.0019145818019379313,130968.865084,-7.548388470541729
2022-07-21,121082.826372,0,4.29,121082.826372,0.0,130968.865084,-7.548388470541729
2022-07-22,121082.826372,0,4.29,121082.826372,0.0,130968.865084,-7.548388470541729
2022-07-25,121082.826372,0,4.27,121082.826372,0.0,130968.865084,-7.548388470541729
2022-07-26,121082.826372,0,4.3,121082.826372,0.0,130968.865084,-7.548388470541729
2022-07-27,121082.826372,0,4.28,121082.826372,0.0,130968.865084,-7.548388470541729
2022-07-28,121082.826372,0,4.28,121082.826372,0.0,130968.865084,-7.548388470541729
2022-07-29,121082.826372,0,4.22,121082.826372,0.0,130968.865084,-7.548388470541729
2022-08-01,121082.826372,0,4.24,121082.826372,0.0,130968.865084,-7.548388470541729
2022-08-02,121082.826372,0,4.17,121082.826372,0.0,130968.865084,-7.548388470541729
2022-08-03,121082.826372,0,4.12,121082.826372,0.0,130968.865084,-7.548388470541729
2022-08-04,121082.826372,0,4.15,121082.826372,0.0,130968.865084,-7.548388470541729
2022-08-05,121082.826372,0,4.22,121082.826372,0.0,130968.865084,-7.548388470541729
2022-08-08,121082.826372,0,4.2,121082.826372,0.0,130968.865084,-7.548388470541729
2022-08-09,121082.826372,0,4.21,121082.826372,0.0,130968.865084,-7.548388470541729
2022-08-10,121082.826372,0,4.17,121082.826372,0.0,130968.865084,-7.548388470541729
2022-08-11,121082.826372,0,4.25,121082.826372,0.0,130968.865084,-7.548388470541729
2022-08-12,121082.826372,0,4.26,121082.826372,0.0,130968.865084,-7.548388470541729
2022-08-15,121082.826372,0,4.25,121082.826372,0.0,130968.865084,-7.548388470541729
2022-08-16,121082.826372,0,4.24,121082.826372,0.0,130968.865084,-7.548388470541729
2022-08-17,121082.826372,0,4.28,121082.826372,0.0,130968.865084,-7.548388470541729
2022-08-18,121082.826372,0,4.24,121082.826372,0.0,130968.865084,-7.548388470541729
2022-08-19,121082.826372,0,4.21,121082.826372,0.0,130968.865084,-7.548388470541729
2022-08-22,121082.826372,0,4.24,121082.826372,0.0,130968.865084,-7.548388470541729
2022-08-23,121082.826372,0,4.22,121082.826372,0.0,130968.865084,-7.548388470541729
2022-08-24,121082.826372,0,4.15,121082.826372,0.0,130968.865084,-7.548388470541729
2022-08-25,121082.826372,0,4.18,121082.826372,0.0,130968.865084,-7.548388470541729
2022-08-26,121082.826372,0,4.18,121082.826372,0.0,130968.865084,-7.548388470541729
2022-08-29,121082.826372,0,4.15,121082.826372,0.0,130968.865084,-7.548388470541729
2022-08-30,121082.826372,0,4.14,121082.826372,0.0,130968.865084,-7.548388470541729
2022-08-31,121082.826372,0,4.14,121082.826372,0.0,130968.865084,-7.548388470541729
2022-09-01,121082.826372,0,4.11,121082.826372,0.0,130968.865084,-7.548388470541729
2022-09-02,121082.826372,0,4.08,121082.826372,0.0,130968.865084,-7.548388470541729
2022-09-05,121082.826372,0,4.08,121082.826372,0.0,130968.865084,-7.548388470541729
2022-09-06,121082.826372,0,4.11,121082.826372,0.0,130968.865084,-7.548388470541729
2022-09-07,121082.826372,0,4.12,121082.826372,0.0,130968.865084,-7.548388470541729
2022-09-08,121082.826372,0,4.1,121082.826372,0.0,130968.865084,-7.548388470541729
2022-09-09,121082.826372,0,4.16,121082.826372,0.0,130968.865084,-7.548388470541729
2022-09-13,121082.826372,0,4.17,121082.826372,0.0,130968.865084,-7.548388470541729
2022-09-14,121082.826372,0,4.13,121082.826372,0.0,130968.865084,-7.548388470541729
2022-09-15,121082.826372,0,4.09,121082.826372,0.0,130968.865084,-7.548388470541729
2022-09-16,121082.826372,0,4.0,121082.826372,0.0,130968.865084,-7.548388470541729
2022-09-19,121082.826372,0,3.99,121082.826372,0.0,130968.865084,-7.548388470541729
2022-09-20,121082.826372,0,3.99,121082.826372,0.0,130968.865084,-7.548388470541729
2022-09-21,121082.826372,0,3.96,121082.826372,0.0,130968.865084,-7.548388470541729
2022-09-22,121082.826372,0,3.93,121082.826372,0.0,130968.865084,-7.548388470541729
2022-09-23,121082.826372,0,3.92,121082.826372,0.0,130968.865084,-7.548388470541729
2022-09-26,121082.826372,0,3.9,121082.826372,0.0,130968.865084,-7.548388470541729
2022-09-27,121082.826372,0,3.95,121082.826372,0.0,130968.865084,-7.548388470541729
2022-09-28,121082.826372,0,3.89,121082.826372,0.0,130968.865084,-7.548388470541729
2022-09-29,121082.826372,0,3.89,121082.826372,0.0,130968.865084,-7.548388470541729
2022-09-30,121082.826372,0,3.87,121082.826372,0.0,130968.865084,-7.548388470541729
2022-10-10,121082.826372,0,3.79,121082.826372,0.0,130968.865084,-7.548388470541729
2022-10-11,121082.826372,0,3.79,121082.826372,0.0,130968.865084,-7.548388470541729
2022-10-12,121082.826372,0,3.85,121082.826372,0.0,130968.865084,-7.548388470541729
2022-10-13,121082.826372,0,3.82,121082.826372,0.0,130968.865084,-7.548388470541729
2022-10-14,121082.826372,0,3.9,121082.826372,0.0,130968.865084,-7.548388470541729
2022-10-17,121082.826372,0,3.9,121082.826372,0.0,130968.865084,-7.548388470541729
2022-10-18,121082.826372,0,3.9,121082.826372,0.0,130968.865084,-7.548388470541729
2022-10-19,121082.826372,0,3.84,121082.826372,0.0,130968.865084,-7.548388470541729
2022-10-20,121082.826372,0,3.82,121082.826372,0.0,130968.865084,-7.548388470541729
2022-10-21,121082.826372,0,3.8,121082.826372,0.0,130968.865084,-7.548388470541729
2022-10-24,121082.826372,0,3.7,121082.826372,0.0,130968.865084,-7.548388470541729
2022-10-25,121082.826372,0,3.69,121082.826372,0.0,130968.865084,-7.548388470541729
2022-10-26,121082.826372,0,3.72,121082.826372,0.0,130968.865084,-7.548388470541729
2022-10-27,121082.826372,0,3.69,121082.826372,0.0,130968.865084,-7.548388470541729
2022-10-28,121082.826372,0,3.6,121082.826372,0.0,130968.865084,-7.548388470541729
2022-10-31,121082.826372,0,3.57,121082.826372,0.0,130968.865084,-7.548388470541729
2022-11-01,121082.826372,0,3.7,121082.826372,0.0,130968.865084,-7.548388470541729
2022-11-02,121082.826372,0,3.74,121082.826372,0.0,130968.865084,-7.548388470541729
2022-11-03,121082.826372,0,3.71,121082.826372,0.0,130968.865084,-7.548388470541729
2022-11-04,121082.826372,0,3.83,121082.826372,0.0,130968.865084,-7.548388470541729
2022-11-07,121082.826372,0,3.83,121082.826372,0.0,130968.865084,-7.548388470541729
2022-11-08,121082.826372,0,3.81,121082.826372,0.0,130968.865084,-7.548388470541729
2022-11-09,121082.826372,0,3.77,121082.826372,0.0,130968.865084,-7.548388470541729
2022-11-10,121082.826372,0,3.75,121082.826372,0.0,130968.865084,-7.548388470541729
2022-11-11,121082.826372,0,3.85,121082.826372,0.0,130968.865084,-7.548388470541729
2022-11-14,121082.826372,0,3.85,121082.826372,0.0,130968.865084,-7.548388470541729
2022-11-15,-44.975376,30809,3.93,121034.394624,-0.0003999885817927984,130968.865084,-7.5853680595218576
2022-11-16,-44.975376,30809,3.9,120110.124624,-0.007636424364093286,130968.865084,-8.291085406470835
2022-11-17,-44.975376,30809,3.88,119493.944624,-0.005130125390585771,130968.865084,-8.761563637770163
2022-11-18,-44.975376,30809,3.87,119185.854624,-0.0025782896444621617,130968.865084,-8.996802753419821
2022-11-21,-44.975376,30809,3.83,117953.494624,-0.010339817622550651,130968.865084,-9.937759216018469
2022-11-22,-44.975376,30809,3.83,117953.494624,0.0,130968.865084,-9.937759216018469
2022-11-23,-44.975376,30809,3.83,117953.494624,0.0,130968.865084,-9.937759216018469
2022-11-24,-44.975376,30809,3.82,117645.404624,-0.0026119616123464473,130968.865084,-10.17299833166813
2022-11-25,-44.975376,30809,3.84,118261.584624,0.005237603644352662,130968.865084,-9.70252010036881
2022-11-28,-44.975376,30809,3.79,116721.134624,-0.013025785210790897,130968.865084,-10.878715678617116
2022-11-29,-44.975376,30809,3.91,120418.214624,0.03167446934018936,130968.865084,-8.055846290821176
2022-11-30,-44.975376,30809,3.91,120418.214624,0.0,130968.865084,-8.055846290821176
2022-12-01,-44.975376,30809,3.96,121958.664624,0.012792499912160027,130968.865084,-6.87965071257287
2022-12-02,-44.975376,30809,3.93,121034.394624,-0.007578551330071903,130968.865084,-7.5853680595218576
2022-12-05,-44.975376,30809,4.0,123191.024624,0.017818323516217704,130968.865084,-5.9386942499742235
2022-12-06,-44.975376,30809,4.03,124115.294624,0.007502738148505772,130968.865084,-5.232976903025236
2022-12-07,-44.975376,30809,4.02,123807.204624,-0.002482288753640982,130968.865084,-5.4682160186748945
2022-12-08,-44.975376,30809,4.02,123807.204624,0.0,130968.865084,-5.4682160186748945
2022-12-09,-44.975376,30809,4.06,125039.564624,0.009953863377681893,130968.865084,-4.527259556076248
2022-12-12,-44.975376,30809,4.02,123807.204624,-0.009855760484337672,130968.865084,-5.4682160186748945
2022-12-13,-44.975376,30809,4.01,123499.114624,-0.0024884658444205288,130968.865084,-5.703455134324564
2022-12-14,-44.975376,30809,4.02,123807.204624,0.002494673754852572,130968.865084,-5.4682160186748945
2022-12-15,-44.975376,30809,4.01,123499.114624,-0.0024884658444205288,130968.865084,-5.703455134324564
2022-12-16,-44.975376,30809,4.02,123807.204624,0.002494673754852572,130968.865084,-5.4682160186748945
2022-12-19,-44.975376,30809,3.96,121958.664624,-0.01493079506652284,130968.865084,-6.87965071257287
2022-12-20,-44.975376,30809,3.9,120110.124624,-0.015157102660143584,130968.865084,-8.291085406470835
2022-12-21,-44.975376,30809,3.89,119802.034624,-0.0025650626952928857,130968.865084,-8.526324522120493
2022-12-22,-44.975376,30809,3.9,120110.124624,0.002571659162275086,130968.865084,-8.291085406470835
2022-12-23,-44.975376,30809,3.89,119802.034624,-0.0025650626952928857,130968.865084,-8.526324522120493
2022-12-26,-44.975376,30809,3.9,120110.124624,0.002571659162275086,130968.865084,-8.291085406470835
2022-12-27,-44.975376,30809,3.95,121650.574624,0.012825313476464428,130968.865084,-7.114889828222529
2022-12-28,-44.975376,30809,3.93,121034.394624,-0.0050651630861959784,130968.865084,-7.5853680595218576
2022-12-29,120677.996112,0,3.92,120677.996112,-0.0029446052347943397,130968.865084,-7.857492668505387
2022-12-30,120677.996112,0,3.94,120677.996112,0.0,130968.865084,-7.857492668505387
2023-01-03,120677.996112,0,3.95,120677.996112,0.0,130968.865084,-7.857492668505387
2023-01-04,120677.996112,0,3.95,120677.996112,0.0,130968.865084,-7.857492668505387
2023-01-05,120677.996112,0,4.03,120677.996112,0.0,130968.865084,-7.857492668505387
2023-01-06,120677.996112,0,4.05,120677.996112,0.0,130968.865084,-7.857492668505387
2023-01-09,-45.774088,29650,4.07,120629.725912,-0.0003999917263723951,130968.865084,-7.894348909085192
2023-01-10,-45.774088,29650,4.08,120926.225912,0.0024579347897739634,130968.865084,-7.667959224934052
2023-01-11,-45.774088,29650,4.08,120926.225912,0.0,130968.865084,-7.667959224934052
2023-01-12,-45.774088,29650,4.08,120926.225912,0.0,130968.865084,-7.667959224934052
2023-01-13,-45.774088,29650,4.14,122705.225912,0.014711448956445716,130968.865084,-6.309621120027213
2023-01-16,-45.774088,29650,4.14,122705.225912,0.0,130968.865084,-6.309621120027213
2023-01-17,-45.774088,29650,4.14,122705.225912,0.0,130968.865084,-6.309621120027213
2023-01-18,-45.774088,29650,4.13,122408.725912,-0.0024163600025693954,130968.865084,-6.5360108041783525
2023-01-19,-45.774088,29650,4.16,123298.225912,0.007266638823113514,130968.865084,-5.856841751724933
2023-01-20,-45.774088,29650,4.18,123891.225912,0.004809477148707941,130968.865084,-5.404062383422654
2023-01-30,-45.774088,29650,4.21,124780.725912,0.007179685191200047,130968.865084,-4.724893330969234
2023-01-31,-45.774088,29650,4.16,123298.225912,-0.011880841285099697,130968.865084,-5.856841751724933
2023-02-01,-45.774088,29650,4.19,124187.725912,0.007214215723061912,130968.865084,-5.177672699271514
2023-02-02,-45.774088,29650,4.18,123891.225912,-0.0023875145294962596,130968.865084,-5.404062383422654
2023-02-03,-45.774088,29650,4.14,122705.225912,-0.009572913588266618,130968.865084,-6.309621120027213
2023-02-06,-45.774088,29650,4.08,120926.225912,-0.014498160015416484,130968.865084,-7.667959224934052
2023-02-07,-45.774088,29650,4.09,121222.725912,0.0024519081594076564,130968.865084,-7.441569540782912
2023-02-08,-45.774088,29650,4.07,120629.725912,-0.0048918220204887675,130968.865084,-7.894348909085192
2023-02-09,-45.774088,29650,4.13,122408.725912,0.014747608738643558,130968.865084,-6.5360108041783525
2023-02-10,-45.774088,29650,4.1,121519.225912,-0.007266638823113514,130968.865084,-7.215179856631772
2023-02-13,-45.774088,29650,4.14,122705.225912,0.009759772505947728,130968.865084,-6.309621120027213
2023-02-14,-45.774088,29650,4.14,122705.225912,0.0,130968.865084,-6.309621120027213
2023-02-15,-45.774088,29650,4.12,122112.225912,-0.004832720005138791,130968.865084,-6.762400488329493
2023-02-16,-45.774088,29650,4.09,121222.725912,-0.0072842829074381,130968.865084,-7.441569540782912
2023-02-17,119395.930112,0,4.03,119395.930112,-0.015069746916317794,130968.865084,-8.836401662774907
2023-02-20,119395.930112,0,4.13,119395.930112,0.0,130968.865084,-8.836401662774907
2023-02-21,119395.930112,0,4.14,119395.930112,0.0,130968.865084,-8.836401662774907
2023-02-22,119395.930112,0,4.1,119395.930112,0.0,130968.865084,-8.836401662774907
2023-02-23,119395.930112,0,4.1,119395.930112,0.0,130968.865084,-8.836401662774907
2023-02-24,119395.930112,0,4.06,119395.930112,0.0,130968.865084,-8.836401662774907
2023-02-27,119395.930112,0,4.05,119395.930112,0.0,130968.865084,-8.836401662774907
2023-02-28,119395.930112,0,4.07,119395.930112,0.0,130968.865084,-8.836401662774907
2023-03-01,119395.930112,0,4.12,119395.930112,0.0,130968.865084,-8.836401662774907
2023-03-02,119395.930112,0,4.12,119395.930112,0.0,130968.865084,-8.836401662774907
2023-03-03,119395.930112,0,4.12,119395.930112,0.0,130968.865084,-8.836401662774907
2023-03-06,119395.930112,0,4.1,119395.930112,0.0,130968.865084,-8.836401662774907
2023-03-07,119395.930112,0,4.04,119395.930112,0.0,130968.865084,-8.836401662774907
2023-03-08,119395.930112,0,4.03,119395.930112,0.0,130968.865084,-8.836401662774907
2023-03-09,119395.930112,0,4.02,119395.930112,0.0,130968.865084,-8.836401662774907
2023-03-10,119395.930112,0,3.96,119395.930112,0.0,130968.865084,-8.836401662774907
2023-03-13,119395.930112,0,4.01,119395.930112,0.0,130968.865084,-8.836401662774907
2023-03-14,119395.930112,0,3.98,119395.930112,0.0,130968.865084,-8.836401662774907
2023-03-15,119395.930112,0,3.98,119395.930112,0.0,130968.865084,-8.836401662774907
2023-03-16,119395.930112,0,3.93,119395.930112,0.0,130968.865084,-8.836401662774907
2023-03-17,119395.930112,0,3.95,119395.930112,0.0,130968.865084,-8.836401662774907
2023-03-20,119395.930112,0,3.93,119395.930112,0.0,130968.865084,-8.836401662774907
2023-03-21,119395.930112,0,3.98,119395.930112,0.0,130968.865084,-8.836401662774907
2023-03-22,119395.930112,0,3.99,119395.930112,0.0,130968.865084,-8.836401662774907
2023-03-23,119395.930112,0,4.03,119395.930112,0.0,130968.865084,-8.836401662774907
2023-03-24,119395.930112,0,4.03,119395.930112,0.0,130968.865084,-8.836401662774907
2023-03-27,119395.930112,0,4.01,119395.930112,0.0,130968.865084,-8.836401662774907
2023-03-28,119395.930112,0,4.0,119395.930112,0.0,130968.865084,-8.836401662774907
2023-03-29,119395.930112,0,4.0,119395.930112,0.0,130968.865084,-8.836401662774907
2023-03-30,119395.930112,0,4.04,119395.930112,0.0,130968.865084,-8.836401662774907
2023-03-31,119395.930112,0,4.05,119395.930112,0.0,130968.865084,-8.836401662774907
2023-04-03,119395.930112,0,4.08,119395.930112,0.0,130968.865084,-8.836401662774907
2023-04-04,-43.826688,29120,4.1,119348.173312,-0.0003999868333468548,130968.865084,-8.872865901790322
2023-04-06,-43.826688,29120,4.09,119056.973312,-0.0024399200416644895,130968.865084,-9.09520882261599
2023-04-07,-43.826688,29120,4.12,119930.573312,0.007337663437072539,130968.865084,-8.428180060138981
2023-04-10,-43.826688,29120,4.1,119348.173312,-0.004856142882639913,130968.865084,-8.872865901790322
2023-04-11,-43.826688,29120,4.09,119056.973312,-0.0024399200416644895,130968.865084,-9.09520882261599
2023-04-12,-43.826688,29120,4.09,119056.973312,0.0,130968.865084,-9.09520882261599
2023-04-13,-43.826688,29120,4.06,118183.373312,-0.007337663437072761,130968.865084,-9.762237585093013
2023-04-14,-43.826688,29120,4.08,118765.773312,0.00492793515431722,130968.865084,-9.317551743441662
2023-04-17,-43.826688,29120,4.15,120804.173312,0.017163193933365628,130968.865084,-7.761151297661958
2023-04-18,-43.826688,29120,4.15,120804.173312,0.0,130968.865084,-7.761151297661958
2023-04-19,-43.826688,29120,4.12,119930.573312,-0.007231538249458991,130968.865084,-8.428180060138981
2023-04-20,-43.826688,29120,4.1,119348.173312,-0.004856142882639913,130968.865084,-8.872865901790322
2023-04-21,-43.826688,29120,4.03,117309.773312,-0.01707944029165165,130968.865084,-10.429266347570024
2023-04-24,-43.826688,29120,3.98,115853.773312,-0.012411583100817913,130968.865084,-11.540980951698385
2023-04-25,-43.826688,29120,3.96,115271.373312,-0.005027026598707129,130968.865084,-11.98566679334974
2023-04-26,-43.826688,29120,3.95,114980.173312,-0.0025262126374760996,130968.865084,-12.20800971417541
2023-04-27,-43.826688,29120,3.99,116144.973312,0.010130442201015777,130968.865084,-11.318638030872716
2023-04-28,-43.826688,29120,4.03,117309.773312,0.010028845560720034,130968.865084,-10.429266347570024
2023-05-04,117262.831872,0,4.03,117262.831872,-0.00040014943917043855,130968.865084,-10.46510802640713
2023-05-05,117262.831872,0,4.01,117262.831872,0.0,130968.865084,-10.46510802640713
2023-05-08,117262.831872,0,4.05,117262.831872,0.0,130968.865084,-10.46510802640713
2023-05-09,117262.831872,0,4.02,117262.831872,0.0,130968.865084,-10.46510802640713
2023-05-10,117262.831872,0,3.99,117262.831872,0.0,130968.865084,-10.46510802640713
2023-05-11,117262.831872,0,3.98,117262.831872,0.0,130968.865084,-10.46510802640713
2023-05-12,117262.831872,0,3.93,117262.831872,0.0,130968.865084,-10.46510802640713
2023-05-15,117262.831872,0,4.0,117262.831872,0.0,130968.865084,-10.46510802640713
2023-05-16,117262.831872,0,3.98,117262.831872,0.0,130968.865084,-10.46510802640713
2023-05-17,117262.831872,0,3.95,117262.831872,0.0,130968.865084,-10.46510802640713
2023-05-18,117262.831872,0,3.95,117262.831872,0.0,130968.865084,-10.46510802640713
2023-05-19,117262.831872,0,3.94,117262.831872,0.0,130968.865084,-10.46510802640713
2023-05-22,117262.831872,0,3.96,117262.831872,0.0,130968.865084,-10.46510802640713
2023-05-23,117262.831872,0,3.91,117262.831872,0.0,130968.865084,-10.46510802640713
2023-05-24,117262.831872,0,3.85,117262.831872,0.0,130968.865084,-10.46510802640713
2023-05-25,117262.831872,0,3.85,117262.831872,0.0,130968.865084,-10.46510802640713
2023-05-26,117262.831872,0,3.85,117262.831872,0.0,130968.865084,-10.46510802640713
2023-05-29,117262.831872,0,3.83,117262.831872,0.0,130968.865084,-10.46510802640713
2023-05-30,117262.831872,0,3.84,117262.831872,0.0,130968.865084,-10.46510802640713
2023-05-31,117262.831872,0,3.8,117262.831872,0.0,130968.865084,-10.46510802640713
2023-06-01,117262.831872,0,3.81,117262.831872,0.0,130968.865084,-10.46510802640713
2023-06-02,117262.831872,0,3.86,117262.831872,0.0,130968.865084,-10.46510802640713
2023-06-05,117262.831872,0,3.85,117262.831872,0.0,130968.865084,-10.46510802640713
2023-06-06,117262.831872,0,3.81,117262.831872,0.0,130968.865084,-10.46510802640713
2023-06-07,117262.831872,0,3.8,117262.831872,0.0,130968.865084,-10.46510802640713
2023-06-08,117262.831872,0,3.83,117262.831872,0.0,130968.865084,-10.46510802640713
2023-06-09,117262.831872,0,3.84,117262.831872,0.0,130968.865084,-10.46510802640713
2023-06-12,117262.831872,0,3.85,117262.831872,0.0,130968.865084,-10.46510802640713
2023-06-13,117262.831872,0,3.88,117262.831872,0.0,130968.865084,-10.46510802640713
2023-06-14,117262.831872,0,3.88,117262.831872,0.0,130968.865084,-10.46510802640713
2023-06-15,117262.831872,0,3.94,117262.831872,0.0,130968.865084,-10.46510802640713
2023-06-16,117262.831872,0,3.98,117262.831872,0.0,130968.865084,-10.46510802640713
2023-06-19,117262.831872,0,3.95,117262.831872,0.0,130968.865084,-10.46510802640713
2023-06-20,117262.831872,0,3.94,117262.831872,0.0,130968.865084,-10.46510802640713
2023-06-21,-44.232192,30144,3.89,117215.927808,-0.0003999908858690615,130968.865084,-10.500921167163844
2023-06-26,-44.232192,30144,3.84,115708.727808,-0.01285832077760618,130968.865084,-11.651729032096716
2023-06-27,-44.232192,30144,3.87,116613.047808,0.00781548649900099,130968.865084,-10.961244313136985
2023-06-28,-44.232192,30144,3.88,116914.487808,0.002584959450646629,130968.865084,-10.73108274015041
2023-06-29,-44.232192,30144,3.86,116311.607808,-0.005156589326979488,130968.865084,-11.191405886123562
2023-06-30,-44.232192,30144,3.88,116914.487808,0.005183317567023948,130968.865084,-10.73108274015041
2023-07-03,-44.232192,30144,3.93,118421.687808,0.012891473317448554,130968.865084,-9.580274875217535
2023-07-04,-44.232192,30144,3.93,118421.687808,0.0,130968.865084,-9.580274875217535
2023-07-05,-44.232192,30144,3.91,117818.807808,-0.005090959360226854,130968.865084,-10.04059802119069
2023-07-06,-44.232192,30144,3.88,116914.487808,-0.0076755147741240926,130968.865084,-10.73108274015041
2023-07-07,-44.232192,30144,3.87,116613.047808,-0.0025782946634896886,130968.865084,-10.961244313136985
2023-07-10,-44.232192,30144,3.88,116914.487808,0.002584959450646629,130968.865084,-10.73108274015041
2023-07-11,-44.232192,30144,3.91,117818.807808,0.007734883990469177,130968.865084,-10.04059802119069
2023-07-12,-44.232192,30144,3.89,117215.927808,-0.005117009849416099,130968.865084,-10.500921167163844
2023-07-13,-44.232192,30144,3.95,119024.567808,0.015429984933127638,130968.865084,-9.11995172924438
2023-07-14,-44.232192,30144,3.95,119024.567808,0.0,130968.865084,-9.11995172924438
2023-07-17,-44.232192,30144,3.92,118120.247808,-0.007597759157242034,130968.865084,-9.810436448204111
2023-07-18,-44.232192,30144,3.92,118120.247808,0.0,130968.865084,-9.810436448204111
2023-07-19,-44.232192,30144,3.92,118120.247808,0.0,130968.865084,-9.810436448204111
2023-07-20,-44.232192,30144,3.89,117215.927808,-0.007655927047071076,130968.865084,-10.500921167163844
2023-07-21,-44.232192,30144,3.89,117215.927808,0.0,130968.865084,-10.500921167163844
2023-07-24,-44.232192,30144,3.87,116613.047808,-0.005143328311042361,130968.865084,-10.961244313136985
2023-07-25,-44.232192,30144,3.99,120230.327808,0.03101951340775977,130968.865084,-8.199305437298083
2023-07-26,-44.232192,30144,3.98,119928.887808,-0.002507187707924907,130968.865084,-8.42946701028466
2023-07-27,-44.232192,30144,3.97,119627.447808,-0.0025134894978980915,130968.865084,-8.659628583271237
2023-07-28,-44.232192,30144,4.07,122641.847808,0.02519823046662384,130968.865084,-6.358012853405477
2023-07-31,-44.232192,30144,4.08,122943.287808,0.0024578886031780822,130968.865084,-6.127851280418911
2023-08-01,-44.232192,30144,4.07,122641.847808,-0.002451862199022603,130968.865084,-6.358012853405477
2023-08-02,-44.232192,30144,4.04,121737.527808,-0.007373665809534691,130968.865084,-7.048497572365209
2023-08-03,-44.232192,30144,4.07,122641.847808,0.007428440648361567,130968.865084,-6.358012853405477
2023-08-04,-44.232192,30144,4.09,123244.727808,0.0049157772063563865,130968.865084,-5.897689707432335
2023-08-07,-44.232192,30144,4.06,122340.407808,-0.007337595823237231,130968.865084,-6.5881744263920545
2023-08-08,-44.232192,30144,4.05,122038.967808,-0.0024639447047869467,130968.865084,-6.818335999378632
2023-08-09,-44.232192,30144,4.04,121737.527808,-0.002470030723909833,130968.865084,-7.048497572365209
2023-08-10,-44.232192,30144,4.05,122038.967808,0.002476146882787189,130968.865084,-6.818335999378632
2023-08-11,-44.232192,30144,3.95,119024.567808,-0.024700307239097996,130968.865084,-9.11995172924438
2023-08-14,-44.232192,30144,3.92,118120.247808,-0.007597759157242034,130968.865084,-9.810436448204111
2023-08-15,-44.232192,30144,3.92,118120.247808,0.0,130968.865084,-9.810436448204111
2023-08-16,-44.232192,30144,3.89,117215.927808,-0.007655927047071076,130968.865084,-10.500921167163844
2023-08-17,-44.232192,30144,3.9,117517.367808,0.002571664155521347,130968.865084,-10.270759594177266
2023-08-18,115963.746048,0,3.85,115963.746048,-0.013220358734874815,130968.865084,-11.45701234135007
2023-08-21,115963.746048,0,3.8,115963.746048,0.0,130968.865084,-11.45701234135007
2023-08-22,115963.746048,0,3.82,115963.746048,0.0,130968.865084,-11.45701234135007
2023-08-23,115963.746048,0,3.77,115963.746048,0.0,130968.865084,-11.45701234135007
2023-08-24,115963.746048,0,3.79,115963.746048,0.0,130968.865084,-11.45701234135007
2023-08-25,115963.746048,0,3.78,115963.746048,0.0,130968.865084,-11.45701234135007
2023-08-28,115963.746048,0,3.84,115963.746048,0.0,130968.865084,-11.45701234135007
2023-08-29,115963.746048,0,3.86,115963.746048,0.0,130968.865084,-11.45701234135007
2023-08-30,115963.746048,0,3.86,115963.746048,0.0,130968.865084,-11.45701234135007
2023-08-31,115963.746048,0,3.84,115963.746048,0.0,130968.865084,-11.45701234135007
2023-09-01,115963.746048,0,3.86,115963.746048,0.0,130968.865084,-11.45701234135007
2023-09-04,115963.746048,0,3.92,115963.746048,0.0,130968.865084,-11.45701234135007
2023-09-05,115963.746048,0,3.89,115963.746048,0.0,130968.865084,-11.45701234135007
2023-09-06,115963.746048,0,3.88,115963.746048,0.0,130968.865084,-11.45701234135007
2023-09-07,115963.746048,0,3.83,115963.746048,0.0,130968.865084,-11.45701234135007
2023-09-08,115963.746048,0,3.81,115963.746048,0.0,130968.865084,-11.45701234135007
2023-09-11,115963.746048,0,3.84,115963.746048,0.0,130968.865084,-11.45701234135007
2023-09-12,115963.746048,0,3.83,115963.746048,0.0,130968.865084,-11.45701234135007
2023-09-13,115963.746048,0,3.81,115963.746048,0.0,130968.865084,-11.45701234135007
2023-09-14,115963.746048,0,3.8,115963.746048,0.0,130968.865084,-11.45701234135007
2023-09-15,115963.746048,0,3.79,115963.746048,0.0,130968.865084,-11.45701234135007
2023-09-18,115963.746048,0,3.8,115963.746048,0.0,130968.865084,-11.45701234135007
2023-09-19,115963.746048,0,3.8,115963.746048,0.0,130968.865084,-11.45701234135007
2023-09-20,115963.746048,0,3.78,115963.746048,0.0,130968.865084,-11.45701234135007
2023-09-21,115963.746048,0,3.74,115963.746048,0.0,130968.865084,-11.45701234135007
2023-09-22,115963.746048,0,3.82,115963.746048,0.0,130968.865084,-11.45701234135007
2023-09-25,115963.746048,0,3.79,115963.746048,0.0,130968.865084,-11.45701234135007
2023-09-26,115963.746048,0,3.77,115963.746048,0.0,130968.865084,-11.45701234135007
2023-09-27,115963.746048,0,3.78,115963.746048,0.0,130968.865084,-11.45701234135007
2023-09-28,115963.746048,0,3.76,115963.746048,0.0,130968.865084,-11.45701234135007
2023-10-09,115963.746048,0,3.75,115963.746048,0.0,130968.865084,-11.45701234135007
2023-10-10,115963.746048,0,3.73,115963.746048,0.0,130968.865084,-11.45701234135007
2023-10-11,115963.746048,0,3.74,115963.746048,0.0,130968.865084,-11.45701234135007
2023-10-12,115963.746048,0,3.77,115963.746048,0.0,130968.865084,-11.45701234135007
2023-10-13,115963.746048,0,3.74,115963.746048,0.0,130968.865084,-11.45701234135007
2023-10-16,115963.746048,0,3.69,115963.746048,0.0,130968.865084,-11.45701234135007
2023-10-17,115963.746048,0,3.71,115963.746048,0.0,130968.865084,-11.45701234135007
2023-10-18,115963.746048,0,3.68,115963.746048,0.0,130968.865084,-11.45701234135007
2023-10-19,115963.746048,0,3.6,115963.746048,0.0,130968.865084,-11.45701234135007
2023-10-20,115963.746048,0,3.58,115963.746048,0.0,130968.865084,-11.45701234135007
2023-10-23,115963.746048,0,3.54,115963.746048,0.0,130968.865084,-11.45701234135007
2023-10-24,115963.746048,0,3.55,115963.746048,0.0,130968.865084,-11.45701234135007
2023-10-25,115963.746048,0,3.57,115963.746048,0.0,130968.865084,-11.45701234135007
2023-10-26,115963.746048,0,3.58,115963.746048,0.0,130968.865084,-11.45701234135007
2023-10-27,115963.746048,0,3.64,115963.746048,0.0,130968.865084,-11.45701234135007
2023-10-30,115963.746048,0,3.65,115963.746048,0.0,130968.865084,-11.45701234135007
2023-10-31,115963.746048,0,3.64,115963.746048,0.0,130968.865084,-11.45701234135007
2023-11-01,115963.746048,0,3.64,115963.746048,0.0,130968.865084,-11.45701234135007
2023-11-02,115963.746048,0,3.63,115963.746048,0.0,130968.865084,-11.45701234135007
2023-11-03,115963.746048,0,3.65,115963.746048,0.0,130968.865084,-11.45701234135007
2023-11-06,115963.746048,0,3.7,115963.746048,0.0,130968.865084,-11.45701234135007
2023-11-07,115963.746048,0,3.69,115963.746048,0.0,130968.865084,-11.45701234135007
2023-11-08,115963.746048,0,3.68,115963.746048,0.0,130968.865084,-11.45701234135007
2023-11-09,115963.746048,0,3.68,115963.746048,0.0,130968.865084,-11.45701234135007
2023-11-10,115963.746048,0,3.66,115963.746048,0.0,130968.865084,-11.45701234135007
2023-11-13,115963.746048,0,3.65,115963.746048,0.0,130968.865084,-11.45701234135007
2023-11-14,115963.746048,0,3.65,115963.746048,0.0,130968.865084,-11.45701234135007
2023-11-15,115963.746048,0,3.68,115963.746048,0.0,130968.865084,-11.45701234135007
2023-11-16,-45.7592,31858,3.64,115917.3608,-0.00039999784053890153,130968.865084,-11.492429345208397
2023-11-17,-45.7592,31858,3.63,115598.7808,-0.002748337244752097,130968.865084,-11.735677998081485
2023-11-20,-45.7592,31858,3.65,116235.9408,0.005511822837494851,130968.865084,-11.249180692335308
2023-11-21,-45.7592,31858,3.65,116235.9408,0.0,130968.865084,-11.249180692335308
2023-11-22,-45.7592,31858,3.61,114961.6208,-0.010963218357673332,130968.865084,-12.222175303827647
2023-11-23,-45.7592,31858,3.63,115598.7808,0.005542371406788593,130968.865084,-11.735677998081485
2023-11-24,-45.7592,31858,3.61,114961.6208,-0.00551182283749474,130968.865084,-12.222175303827647
2023-11-27,113960.260144,0,3.58,113960.260144,-0.008710390902909038,130968.865084,-12.986754469538337
2023-11-28,113960.260144,0,3.59,113960.260144,0.0,130968.865084,-12.986754469538337
2023-11-29,113960.260144,0,3.56,113960.260144,0.0,130968.865084,-12.986754469538337
2023-11-30,113960.260144,0,3.56,113960.260144,0.0,130968.865084,-12.986754469538337
2023-12-01,113960.260144,0,3.55,113960.260144,0.0,130968.865084,-12.986754469538337
2023-12-04,113960.260144,0,3.52,113960.260144,0.0,130968.865084,-12.986754469538337
2023-12-05,113960.260144,0,3.46,113960.260144,0.0,130968.865084,-12.986754469538337
2023-12-06,113960.260144,0,3.46,113960.260144,0.0,130968.865084,-12.986754469538337
2023-12-07,113960.260144,0,3.45,113960.260144,0.0,130968.865084,-12.986754469538337
2023-12-08,113960.260144,0,3.46,113960.260144,0.0,130968.865084,-12.986754469538337
2023-12-11,113960.260144,0,3.49,113960.260144,0.0,130968.865084,-12.986754469538337
2023-12-12,113960.260144,0,3.49,113960.260144,0.0,130968.865084,-12.986754469538337
2023-12-13,113960.260144,0,3.44,113960.260144,0.0,130968.865084,-12.986754469538337
2023-12-14,113960.260144,0,3.42,113960.260144,0.0,130968.865084,-12.986754469538337
2023-12-15,113960.260144,0,3.41,113960.260144,0.0,130968.865084,-12.986754469538337
2023-12-18,113960.260144,0,3.4,113960.260144,0.0,130968.865084,-12.986754469538337
2023-12-19,113960.260144,0,3.4,113960.260144,0.0,130968.865084,-12.986754469538337
2023-12-20,113960.260144,0,3.37,113960.260144,0.0,130968.865084,-12.986754469538337
2023-12-21,113960.260144,0,3.4,113960.260144,0.0,130968.865084,-12.986754469538337
2023-12-22,113960.260144,0,3.41,113960.260144,0.0,130968.865084,-12.986754469538337
2023-12-25,113960.260144,0,3.42,113960.260144,0.0,130968.865084,-12.986754469538337
2023-12-26,113960.260144,0,3.4,113960.260144,0.0,130968.865084,-12.986754469538337
2023-12-27,113960.260144,0,3.41,113960.260144,0.0,130968.865084,-12.986754469538337
2023-12-28,113960.260144,0,3.49,113960.260144,0.0,130968.865084,-12.986754469538337
2023-12-29,113960.260144,0,3.5,113960.260144,0.0,130968.865084,-12.986754469538337
